25,22,23,0
lib_materials:stone,lib_materials:stone_brick,lib_materials:stone_block,lib_materials:stone_cobble,,,,,,lib_ecology:tree_default_wood,
##
K0m00,K0m00,K0m00,K0m00,K0m00,_____,_____,_____,_____,_____,_____,_____,_____,_____,_____,_____,_____,_____,_____,_____,K0m00,K0m00,K0m00,K0m00,K0m00,
C0m00,C0m00,C0m00,C0m00,C0m00,_____,_____,_____,_____,_____,_____,_____,_____,_____,_____,_____,_____,_____,_____,_____,C0m00,C0m00,C0m00,C0m00,C0m00,
C0m00,C0m00,C0m00,C0m00,C0m00,_____,_____,_____,_____,_____,_____,_____,_____,_____,_____,_____,_____,_____,_____,_____,C0m00,C0m00,C0m00,C0m00,C0m00,
C0m00,C0m00,C0m00,C0m00,C0m00,_____,_____,_____,_____,_____,_____,_____,_____,_____,_____,_____,_____,_____,_____,_____,C0m00,C0m00,C0m00,C0m00,C0m00,
C0m00,C0m00,C0m00,C0m00,C0m00,_____,_____,_____,_____,_____,_____,_____,_____,_____,_____,_____,_____,_____,_____,_____,C0m00,C0m00,C0m00,C0m00,C0m00,
C0m00,C0m00,C0m00,C0m00,C0m00,_____,_____,_____,_____,_____,_____,_____,_____,_____,_____,_____,_____,_____,_____,_____,C0m00,C0m00,C0m00,C0m00,C0m00,
C0m00,C0m00,C0m00,C0m00,C0m00,_____,_____,_____,_____,_____,_____,_____,_____,_____,_____,_____,_____,_____,_____,_____,C0m00,C0m00,C0m00,C0m00,C0m00,
C0m00,_____,C0m00,_____,C0m00,_____,_____,_____,_____,_____,_____,_____,_____,_____,_____,_____,_____,_____,_____,_____,C0m00,_____,C0m00,_____,C0m00,
TrN00,_____,TrN00,_____,TrN00,_____,_____,_____,_____,_____,_____,_____,_____,_____,_____,_____,_____,_____,_____,_____,TrN00,_____,TrN00,_____,TrN00,
_____,_____,_____,_____,_____,_____,_____,_____,_____,_____,_____,_____,_____,_____,_____,_____,_____,_____,_____,_____,_____,_____,_____,_____,_____,
_____,_____,_____,_____,_____,_____,_____,_____,_____,_____,_____,_____,_____,_____,_____,_____,_____,_____,_____,_____,_____,_____,_____,_____,_____,
_____,_____,_____,_____,_____,_____,_____,_____,_____,_____,_____,_____,_____,_____,_____,_____,_____,_____,_____,_____,_____,_____,_____,_____,_____,
_____,_____,_____,_____,_____,_____,_____,_____,_____,_____,_____,_____,_____,_____,_____,_____,_____,_____,_____,_____,_____,_____,_____,_____,_____,
_____,_____,_____,_____,_____,_____,_____,_____,_____,_____,_____,_____,_____,_____,_____,_____,_____,_____,_____,_____,_____,_____,_____,_____,_____,
_____,_____,_____,_____,_____,_____,_____,_____,_____,_____,_____,_____,_____,_____,_____,_____,_____,_____,_____,_____,_____,_____,_____,_____,_____,
_____,_____,_____,_____,_____,_____,_____,_____,_____,_____,_____,_____,_____,_____,_____,_____,_____,_____,_____,_____,_____,_____,_____,_____,_____,
_____,_____,_____,_____,_____,_____,_____,_____,_____,_____,_____,_____,_____,_____,_____,_____,_____,_____,_____,_____,_____,_____,_____,_____,_____,
_____,_____,_____,_____,_____,_____,_____,_____,_____,_____,_____,_____,_____,_____,_____,_____,_____,_____,_____,_____,_____,_____,_____,_____,_____,
_____,_____,_____,_____,_____,_____,_____,_____,_____,_____,_____,_____,_____,_____,_____,_____,_____,_____,_____,_____,_____,_____,_____,_____,_____,
_____,_____,_____,_____,_____,_____,_____,_____,_____,_____,_____,_____,_____,_____,_____,_____,_____,_____,_____,_____,_____,_____,_____,_____,_____,
_____,_____,_____,_____,_____,_____,_____,_____,_____,_____,_____,_____,_____,_____,_____,_____,_____,_____,_____,_____,_____,_____,_____,_____,_____,
_____,_____,_____,_____,_____,_____,_____,_____,_____,_____,_____,_____,_____,_____,_____,_____,_____,_____,_____,_____,_____,_____,_____,_____,_____,
#
K0m00,K0m00,K0m00,K0m00,K0m00,K0m00,K0m00,K0m00,K0m00,K0m00,K0m00,K0m00,K0m00,K0m00,K0m00,K0m00,K0m00,K0m00,K0m00,K0m00,K0m00,K0m00,K0m00,K0m00,K0m00,
C0m00,C0m00,C0m00,C0m00,C0m00,S0m00,S0m00,S0m00,S0m00,S0m00,S0m00,S0m00,S0m00,S0m00,S0m00,S0m00,S0m00,S0m00,S0m00,S0m00,C0m00,C0m00,C0m00,C0m00,C0m00,
C0m00,Fu0S0,C0S03,_____,C0m00,S0m00,S0m00,S0m00,S0m00,S0m00,S0m00,S0m00,S0m00,S0m00,S0m00,S0m00,S0m00,S0m00,S0m00,S0m00,C0m00,_____,_____,Fu0E0,C0m00,
C0m00,C0S03,_____,_____,C0m00,S0m00,S0m00,S0m00,S0m00,S0m00,S0m00,S0m00,S0m00,S0m00,S0m00,S0m00,S0m00,S0m00,S0m00,S0m00,C0m00,_____,_____,C0S02,C0m00,
C0m00,_____,_____,_____,C0m00,S0m00,S0m00,S0m00,S0m00,S0m00,S0m00,S0m00,S0m00,S0m00,S0m00,S0m00,S0m00,S0m00,S0m00,S0m00,C0m00,Cs0S0,C0S03,_____,C0m00,
C0m00,_____,_____,S0m00,C0m00,S0m00,S0m00,S0m00,S0m00,S0m00,S0m00,S0m00,S0m00,S0m00,S0m00,S0m00,S0m00,S0m00,S0m00,S0m00,C0m00,C0S03,_____,_____,C0m00,
C0m00,_____,_____,_____,C0m00,C0m00,C0m00,C0m00,C0m00,C0m00,C0m00,C0m00,C0m00,C0m00,C0m00,C0m00,C0m00,C0m00,C0m00,C0m00,C0m00,_____,_____,_____,C0m00,
_____,_____,_____,_____,_____,_____,_____,_____,_____,_____,_____,_____,_____,_____,_____,_____,_____,_____,_____,_____,_____,_____,_____,_____,_____,
_____,_____,_____,_____,_____,_____,_____,_____,_____,_____,_____,_____,_____,_____,_____,_____,_____,_____,_____,_____,_____,_____,_____,_____,_____,
_____,_____,_____,_____,_____,_____,_____,_____,_____,_____,_____,_____,_____,_____,_____,_____,_____,_____,_____,_____,_____,_____,_____,_____,_____,
_____,_____,_____,_____,_____,_____,_____,_____,_____,_____,_____,_____,_____,_____,_____,_____,_____,_____,_____,_____,_____,_____,_____,_____,_____,
_____,_____,_____,_____,_____,_____,_____,_____,_____,_____,_____,_____,_____,_____,_____,_____,_____,_____,_____,_____,_____,_____,_____,_____,_____,
_____,_____,_____,_____,_____,_____,_____,_____,_____,_____,_____,_____,_____,_____,_____,_____,_____,_____,_____,_____,_____,_____,_____,_____,_____,
_____,_____,_____,_____,_____,_____,_____,_____,_____,_____,_____,_____,_____,_____,_____,_____,_____,_____,_____,_____,_____,_____,_____,_____,_____,
_____,_____,_____,_____,_____,_____,_____,_____,_____,_____,_____,_____,_____,_____,_____,_____,_____,_____,_____,_____,_____,_____,_____,_____,_____,
_____,_____,_____,_____,_____,_____,_____,_____,_____,_____,_____,_____,_____,_____,_____,_____,_____,_____,_____,_____,_____,_____,_____,_____,_____,
_____,_____,_____,_____,_____,_____,_____,_____,_____,_____,_____,_____,_____,_____,_____,_____,_____,_____,_____,_____,_____,_____,_____,_____,_____,
_____,_____,_____,_____,_____,_____,_____,_____,_____,_____,_____,_____,_____,_____,_____,_____,_____,_____,_____,_____,_____,_____,_____,_____,_____,
_____,_____,_____,_____,_____,_____,_____,_____,_____,_____,_____,_____,_____,_____,_____,_____,_____,_____,_____,_____,_____,_____,_____,_____,_____,
_____,_____,_____,_____,_____,_____,_____,_____,_____,_____,_____,_____,_____,_____,_____,_____,_____,_____,_____,_____,_____,_____,_____,_____,_____,
_____,_____,_____,_____,_____,_____,_____,_____,_____,_____,_____,_____,_____,_____,_____,_____,_____,_____,_____,_____,_____,_____,_____,_____,_____,
_____,_____,_____,_____,_____,_____,_____,_____,_____,_____,_____,_____,_____,_____,_____,_____,_____,_____,_____,_____,_____,_____,_____,_____,_____,
#
K0m00,K0m00,K0m00,K0m00,K0m00,K0m00,K0m00,K0m00,K0m00,K0m00,K0m00,K0m00,K0m00,K0m00,K0m00,K0m00,K0m00,K0m00,K0m00,K0m00,K0m00,K0m00,K0m00,K0m00,K0m00,
C0m00,C0m00,C0m00,C0m00,C0m00,S0m00,S0m00,S0m00,S0m00,S0m00,S0m00,S0m00,S0m00,S0m00,S0m00,S0m00,S0m00,S0m00,S0m00,S0m00,C0m00,C0m00,C0m00,C0m00,C0m00,
C0m00,_____,_____,_____,_____,_____,_____,_____,_____,_____,_____,_____,_____,_____,_____,_____,_____,_____,_____,_____,_____,_____,_____,C0S02,C0m00,
C0m00,_____,_____,_____,_____,_____,_____,_____,_____,_____,_____,_____,_____,_____,_____,_____,_____,_____,_____,_____,_____,_____,_____,_____,C0m00,
C0m00,C0S00,_____,_____,C0m00,_____,_____,_____,_____,_____,_____,_____,_____,_____,_____,_____,_____,_____,_____,_____,C0m00,_____,_____,_____,C0m00,
C0m00,_____,S0m00,S0m00,S0m00,S0m00,S0m00,S0m00,S0m00,S0m00,S0m00,S0m00,S0m00,S0m00,S0m00,S0m00,S0m00,S0m00,S0m00,S0m00,S0m00,S0m00,S0m00,_____,C0m00,
C0m00,_____,_____,_____,_____,_____,_____,_____,_____,_____,_____,_____,_____,_____,_____,_____,_____,_____,_____,_____,_____,_____,_____,_____,C0m00,
C0m00,_____,_____,_____,_____,_____,_____,_____,_____,_____,_____,_____,_____,_____,_____,_____,_____,_____,_____,_____,_____,_____,_____,_____,C0m00,
TrN00,_____,_____,_____,_____,_____,_____,_____,_____,_____,_____,_____,_____,_____,_____,_____,_____,_____,_____,_____,_____,_____,_____,_____,TrN00,
_____,_____,_____,_____,_____,_____,_____,_____,_____,_____,_____,_____,_____,_____,_____,_____,_____,_____,_____,_____,_____,_____,_____,_____,_____,
_____,_____,_____,_____,_____,_____,_____,_____,_____,_____,_____,_____,_____,_____,_____,_____,_____,_____,_____,_____,_____,_____,_____,_____,_____,
_____,_____,_____,_____,_____,_____,_____,_____,_____,_____,_____,_____,_____,_____,_____,_____,_____,_____,_____,_____,_____,_____,_____,_____,_____,
_____,_____,_____,_____,_____,_____,_____,_____,_____,_____,_____,_____,_____,_____,_____,_____,_____,_____,_____,_____,_____,_____,_____,_____,_____,
_____,_____,_____,_____,_____,_____,_____,_____,_____,_____,_____,_____,_____,_____,_____,_____,_____,_____,_____,_____,_____,_____,_____,_____,_____,
_____,_____,_____,_____,_____,_____,_____,_____,_____,_____,_____,_____,_____,_____,_____,_____,_____,_____,_____,_____,_____,_____,_____,_____,_____,
_____,_____,_____,_____,_____,_____,_____,_____,_____,_____,_____,_____,_____,_____,_____,_____,_____,_____,_____,_____,_____,_____,_____,_____,_____,
_____,_____,_____,_____,_____,_____,_____,_____,_____,_____,_____,_____,_____,_____,_____,_____,_____,_____,_____,_____,_____,_____,_____,_____,_____,
_____,_____,_____,_____,_____,_____,_____,_____,_____,_____,_____,_____,_____,_____,_____,_____,_____,_____,_____,_____,_____,_____,_____,_____,_____,
_____,_____,_____,_____,_____,_____,_____,_____,_____,_____,_____,_____,_____,_____,_____,_____,_____,_____,_____,_____,_____,_____,_____,_____,_____,
_____,_____,_____,_____,_____,_____,_____,_____,_____,_____,_____,_____,_____,_____,_____,_____,_____,_____,_____,_____,_____,_____,_____,_____,_____,
_____,_____,_____,_____,_____,_____,_____,_____,_____,_____,_____,_____,_____,_____,_____,_____,_____,_____,_____,_____,_____,_____,_____,_____,_____,
_____,_____,_____,_____,_____,_____,_____,_____,_____,_____,_____,_____,_____,_____,_____,_____,_____,_____,_____,_____,_____,_____,_____,_____,_____,
#
K0m00,K0m00,K0m00,sssss,sssss,sssss,sssss,sssss,sssss,sssss,sssss,sssss,sssss,sssss,sssss,sssss,sssss,sssss,sssss,sssss,sssss,sssss,K0m00,K0m00,K0m00,
C0m00,C0m00,C0m00,C0m00,C0m00,T0m00,T0m00,T0m00,T0m00,T0m00,T0m00,T0m00,T0m00,T0m00,T0m00,T0m00,T0m00,T0m00,T0m00,T0m00,C0m00,C0m00,C0m00,C0m00,C0m00,
C0m00,_____,_____,_____,C0m00,S0m00,S0m00,S0m00,S0m00,S0m00,S0m00,S0m00,S0m00,S0m00,S0m00,S0m00,S0m00,S0m00,S0m00,S0m00,C0m00,_____,_____,_____,C0m00,
C0m00,_____,_____,_____,C0m00,S0m00,S0m00,S0m00,S0m00,S0m00,S0m00,S0m00,S0m00,S0m00,S0m00,S0m00,S0m00,S0m00,S0m00,S0m00,C0m00,_____,_____,_____,C0m00,
C0m00,Cs0W0,_____,_____,C0m00,S0m00,S0m00,S0m00,S0m00,S0m00,S0m00,S0m00,S0m00,S0m00,S0m00,S0m00,S0m00,S0m00,S0m00,S0m00,C0m00,_____,_____,_____,C0m00,
C0m00,C0S00,S0m00,S0m00,C0m00,S0m00,S0m00,S0m00,S0m00,S0m00,S0m00,S0m00,S0m00,S0m00,S0m00,S0m00,S0m00,S0m00,S0m00,S0m00,C0m00,S0m00,S0m00,S0m00,C0m00,
C0m00,_____,_____,_____,C0m00,C0m00,C0m00,C0m00,C0m00,C0m00,C0m00,C0m00,C0m00,C0m00,C0m00,C0m00,C0m00,C0m00,C0m00,C0m00,C0m00,_____,_____,_____,C0m00,
_____,_____,_____,_____,_____,_____,_____,_____,_____,_____,_____,_____,_____,_____,_____,_____,_____,_____,_____,_____,_____,_____,_____,_____,_____,
_____,_____,_____,_____,_____,_____,_____,_____,_____,_____,_____,_____,_____,_____,_____,_____,_____,_____,_____,_____,_____,_____,_____,_____,_____,
_____,_____,_____,_____,_____,_____,_____,_____,_____,_____,_____,_____,_____,_____,_____,_____,_____,_____,_____,_____,_____,_____,_____,_____,_____,
_____,_____,_____,_____,_____,_____,_____,_____,_____,_____,_____,_____,_____,_____,_____,_____,_____,_____,_____,_____,_____,_____,_____,_____,_____,
_____,_____,_____,_____,_____,_____,_____,_____,_____,_____,_____,_____,_____,_____,_____,_____,_____,_____,_____,_____,_____,_____,_____,_____,_____,
_____,_____,_____,_____,_____,_____,_____,_____,_____,_____,_____,_____,_____,_____,_____,_____,_____,_____,_____,_____,_____,_____,_____,_____,_____,
_____,_____,_____,_____,_____,_____,_____,_____,_____,_____,_____,_____,_____,_____,_____,_____,_____,_____,_____,_____,_____,_____,_____,_____,_____,
_____,_____,_____,_____,_____,_____,_____,_____,_____,_____,_____,_____,_____,_____,_____,_____,_____,_____,_____,_____,_____,_____,_____,_____,_____,
_____,_____,_____,_____,_____,_____,_____,_____,_____,_____,_____,_____,_____,_____,_____,_____,_____,_____,_____,_____,_____,_____,_____,_____,_____,
_____,_____,_____,_____,_____,_____,_____,_____,_____,_____,_____,_____,_____,_____,_____,_____,_____,_____,_____,_____,_____,_____,_____,_____,_____,
_____,_____,_____,_____,_____,_____,_____,_____,_____,_____,_____,_____,_____,_____,_____,_____,_____,_____,_____,_____,_____,_____,_____,_____,_____,
_____,_____,_____,_____,_____,_____,_____,_____,_____,_____,_____,_____,_____,_____,_____,_____,_____,_____,_____,_____,_____,_____,_____,_____,_____,
_____,_____,_____,_____,_____,_____,_____,_____,_____,_____,_____,_____,_____,_____,_____,_____,_____,_____,_____,_____,_____,_____,_____,_____,_____,
_____,_____,_____,_____,_____,_____,_____,_____,_____,_____,_____,_____,_____,_____,_____,_____,_____,_____,_____,_____,_____,_____,_____,_____,_____,
_____,_____,_____,_____,_____,_____,_____,_____,_____,_____,_____,_____,_____,_____,_____,_____,_____,_____,_____,_____,_____,_____,_____,_____,_____,
#
K0m00,K0m00,K0m00,sssss,sssss,sssss,sssss,sssss,sssss,sssss,sssss,sssss,sssss,sssss,sssss,sssss,sssss,sssss,sssss,sssss,sssss,sssss,K0m00,K0m00,K0m00,
C0m00,C0m00,C0m00,C1m00,C0m00,T0m00,S0m00,S0m00,S0m00,S0m00,S0m00,S0m00,S0m00,S0m00,S0m00,S0m00,S0m00,S0m00,S0m00,T0m00,C0m00,C0m00,C0m00,C0m00,C0m00,
C0m00,C0m00,_____,_____,C0m00,_____,_____,_____,_____,_____,_____,_____,_____,_____,_____,_____,_____,_____,_____,_____,C0m00,_____,C0m00,C0m00,C0m00,
C0m00,C0m00,_____,_____,C0m00,_____,_____,_____,_____,_____,_____,_____,_____,_____,_____,_____,_____,_____,_____,_____,C0m00,_____,C0m00,C0m00,C0m00,
C0m00,C0m00,_____,_____,C0m00,_____,_____,_____,_____,_____,_____,_____,_____,_____,_____,_____,_____,_____,_____,_____,C0m00,C0m00,C0m00,C0m00,C0m00,
C0m00,C0m00,S0m00,C0m00,C0m00,_____,_____,_____,_____,_____,_____,_____,_____,_____,_____,_____,_____,_____,_____,_____,C0m00,C0m00,S0m00,C0m00,C0m00,
C0m00,C0m00,_____,_____,C0m00,_____,_____,_____,_____,_____,_____,_____,_____,_____,_____,_____,_____,_____,_____,_____,C0m00,C0m00,_____,C0m00,C0m00,
C0m00,_____,_____,_____,C0m00,_____,_____,_____,_____,_____,_____,_____,_____,_____,_____,_____,_____,_____,_____,_____,C0m00,_____,_____,_____,C0m00,
TrN00,_____,_____,_____,TrN00,_____,_____,_____,_____,_____,_____,_____,_____,_____,_____,_____,_____,_____,_____,_____,TrN00,_____,_____,_____,TrN00,
_____,_____,_____,_____,_____,_____,_____,_____,_____,_____,_____,_____,_____,_____,_____,_____,_____,_____,_____,_____,_____,_____,_____,_____,_____,
_____,_____,_____,_____,_____,_____,_____,_____,_____,_____,_____,_____,_____,_____,_____,_____,_____,_____,_____,_____,_____,_____,_____,_____,_____,
_____,_____,_____,_____,_____,_____,_____,_____,_____,_____,_____,_____,_____,_____,_____,_____,_____,_____,_____,_____,_____,_____,_____,_____,_____,
_____,_____,_____,_____,_____,_____,_____,_____,_____,_____,_____,_____,_____,_____,_____,_____,_____,_____,_____,_____,_____,_____,_____,_____,_____,
_____,_____,_____,_____,_____,_____,_____,_____,_____,_____,_____,_____,_____,_____,_____,_____,_____,_____,_____,_____,_____,_____,_____,_____,_____,
_____,_____,_____,_____,_____,_____,_____,_____,_____,_____,_____,_____,_____,_____,_____,_____,_____,_____,_____,_____,_____,_____,_____,_____,_____,
_____,_____,_____,_____,_____,_____,_____,_____,_____,_____,_____,_____,_____,_____,_____,_____,_____,_____,_____,_____,_____,_____,_____,_____,_____,
_____,_____,_____,_____,_____,_____,_____,_____,_____,_____,_____,_____,_____,_____,_____,_____,_____,_____,_____,_____,_____,_____,_____,_____,_____,
_____,_____,_____,_____,_____,_____,_____,_____,_____,_____,_____,_____,_____,_____,_____,_____,_____,_____,_____,_____,_____,_____,_____,_____,_____,
_____,_____,_____,_____,_____,_____,_____,_____,_____,_____,_____,_____,_____,_____,_____,_____,_____,_____,_____,_____,_____,_____,_____,_____,_____,
_____,_____,_____,_____,_____,_____,_____,_____,_____,_____,_____,_____,_____,_____,_____,_____,_____,_____,_____,_____,_____,_____,_____,_____,_____,
_____,_____,_____,_____,_____,_____,_____,_____,_____,_____,_____,_____,_____,_____,_____,_____,_____,_____,_____,_____,_____,_____,_____,_____,_____,
_____,_____,_____,_____,_____,_____,_____,_____,_____,_____,_____,_____,_____,_____,_____,_____,_____,_____,_____,_____,_____,_____,_____,_____,_____,
#
_____,K0m00,K0m00,sssss,sssss,sssss,sssss,sssss,sssss,sssss,sssss,sssss,sssss,sssss,sssss,sssss,sssss,sssss,sssss,sssss,sssss,sssss,K0m00,_____,_____,
_____,S0m00,S0m00,T0m00,T0m00,T0m00,S0m00,S0m00,S0m00,S0m00,S0m00,S0m00,S0m00,S0m00,S0m00,S0m00,S0m00,S0m00,S0m00,T0m00,T0m00,T0m00,S0m00,_____,_____,
_____,S0m00,_____,_____,_____,_____,_____,_____,_____,_____,_____,_____,_____,_____,_____,_____,_____,_____,_____,_____,_____,_____,S0m00,_____,_____,
_____,S0m00,_____,_____,_____,_____,_____,_____,_____,_____,_____,_____,_____,_____,_____,_____,_____,_____,_____,_____,_____,_____,S0m00,_____,_____,
_____,S0m00,_____,_____,C0m00,_____,_____,_____,_____,_____,_____,_____,_____,_____,_____,_____,_____,_____,_____,_____,_____,TwS00,S0m00,_____,_____,
_____,S0m00,S0m00,S0m00,C0m00,_____,_____,_____,_____,_____,_____,_____,_____,_____,_____,_____,_____,_____,_____,_____,_____,_____,S0m00,_____,_____,
_____,C0m00,_____,_____,C0m00,_____,_____,_____,_____,_____,_____,_____,_____,_____,_____,_____,_____,_____,_____,_____,_____,C0m00,_____,C0m00,_____,
_____,_____,_____,_____,_____,_____,_____,_____,_____,_____,_____,_____,_____,_____,_____,_____,_____,_____,_____,_____,_____,_____,_____,_____,_____,
_____,_____,_____,_____,_____,_____,_____,_____,_____,_____,_____,_____,_____,_____,_____,_____,_____,_____,_____,_____,_____,_____,_____,_____,_____,
_____,_____,_____,_____,_____,_____,_____,_____,_____,_____,_____,_____,_____,_____,_____,_____,_____,_____,_____,_____,_____,_____,_____,_____,_____,
_____,_____,_____,_____,_____,_____,_____,_____,_____,_____,_____,_____,_____,_____,_____,_____,_____,_____,_____,_____,_____,_____,_____,_____,_____,
_____,_____,_____,_____,_____,_____,_____,_____,_____,_____,_____,_____,_____,_____,_____,_____,_____,_____,_____,_____,_____,_____,_____,_____,_____,
_____,_____,_____,_____,_____,_____,_____,_____,_____,_____,_____,_____,_____,_____,_____,_____,_____,_____,_____,_____,_____,_____,_____,_____,_____,
_____,_____,_____,_____,_____,_____,_____,_____,_____,_____,_____,_____,_____,_____,_____,_____,_____,_____,_____,_____,_____,_____,_____,_____,_____,
_____,_____,_____,_____,_____,_____,_____,_____,_____,_____,_____,_____,_____,_____,_____,_____,_____,_____,_____,_____,_____,_____,_____,_____,_____,
_____,_____,_____,_____,_____,_____,_____,_____,_____,_____,_____,_____,_____,_____,_____,_____,_____,_____,_____,_____,_____,_____,_____,_____,_____,
_____,_____,_____,_____,_____,_____,_____,_____,_____,_____,_____,_____,_____,_____,_____,_____,_____,_____,_____,_____,_____,_____,_____,_____,_____,
_____,_____,_____,_____,_____,_____,_____,_____,_____,_____,_____,_____,_____,_____,_____,_____,_____,_____,_____,_____,_____,_____,_____,_____,_____,
_____,_____,_____,_____,_____,_____,_____,_____,_____,_____,_____,_____,_____,_____,_____,_____,_____,_____,_____,_____,_____,_____,_____,_____,_____,
_____,_____,_____,_____,_____,_____,_____,_____,_____,_____,_____,_____,_____,_____,_____,_____,_____,_____,_____,_____,_____,_____,_____,_____,_____,
_____,_____,_____,_____,_____,_____,_____,_____,_____,_____,_____,_____,_____,_____,_____,_____,_____,_____,_____,_____,_____,_____,_____,_____,_____,
_____,_____,_____,_____,_____,_____,_____,_____,_____,_____,_____,_____,_____,_____,_____,_____,_____,_____,_____,_____,_____,_____,_____,_____,_____,
#
_____,K0m00,K0m00,sssss,sssss,sssss,sssss,sssss,sssss,sssss,sssss,sssss,sssss,sssss,sssss,sssss,sssss,sssss,sssss,sssss,sssss,sssss,K0m00,_____,_____,
_____,S0m00,S0m00,T0m00,S0m00,S0m00,S0m00,S0m00,S0m00,S0m00,S0m00,S0m00,S0m00,S0m00,S0m00,S0m00,S0m00,S0m00,S0m00,S0m00,S0m00,T0m00,S0m00,_____,_____,
_____,S0m00,_____,_____,C0m00,_____,_____,_____,_____,_____,_____,_____,_____,_____,_____,_____,_____,_____,_____,_____,_____,_____,S0m00,_____,_____,
_____,S0m00,_____,_____,C0m00,_____,_____,_____,_____,_____,_____,_____,_____,_____,_____,_____,_____,_____,_____,_____,_____,_____,S0m00,_____,_____,
_____,S0m00,_____,TwS00,C0m00,_____,_____,_____,_____,_____,_____,_____,_____,_____,_____,_____,_____,_____,_____,_____,_____,_____,S0m00,_____,_____,
_____,S0m00,S0m00,S0m00,C0m00,_____,_____,_____,_____,_____,_____,_____,_____,_____,_____,_____,_____,_____,_____,_____,_____,_____,S0m00,_____,_____,
_____,C0m00,_____,_____,C0m00,_____,_____,_____,_____,_____,_____,_____,_____,_____,_____,_____,_____,_____,_____,_____,_____,C0m00,_____,C0m00,_____,
_____,_____,_____,_____,_____,_____,_____,_____,_____,_____,_____,_____,_____,_____,_____,_____,_____,_____,_____,_____,_____,_____,_____,_____,_____,
_____,_____,_____,_____,_____,_____,_____,_____,_____,_____,_____,_____,_____,_____,_____,_____,_____,_____,_____,_____,_____,_____,_____,_____,_____,
_____,_____,_____,_____,_____,_____,_____,_____,_____,_____,_____,_____,_____,_____,_____,_____,_____,_____,_____,_____,_____,_____,_____,_____,_____,
_____,_____,_____,_____,_____,_____,_____,_____,_____,_____,_____,_____,_____,_____,_____,_____,_____,_____,_____,_____,_____,_____,_____,_____,_____,
_____,_____,_____,_____,_____,_____,_____,_____,_____,_____,_____,_____,_____,_____,_____,_____,_____,_____,_____,_____,_____,_____,_____,_____,_____,
_____,_____,_____,_____,_____,_____,_____,_____,_____,_____,_____,_____,_____,_____,_____,_____,_____,_____,_____,_____,_____,_____,_____,_____,_____,
_____,_____,_____,_____,_____,_____,_____,_____,_____,_____,_____,_____,_____,_____,_____,_____,_____,_____,_____,_____,_____,_____,_____,_____,_____,
_____,_____,_____,_____,_____,_____,_____,_____,_____,_____,_____,_____,_____,_____,_____,_____,_____,_____,_____,_____,_____,_____,_____,_____,_____,
_____,_____,_____,_____,_____,_____,_____,_____,_____,_____,_____,_____,_____,_____,_____,_____,_____,_____,_____,_____,_____,_____,_____,_____,_____,
_____,_____,_____,_____,_____,_____,_____,_____,_____,_____,_____,_____,_____,_____,_____,_____,_____,_____,_____,_____,_____,_____,_____,_____,_____,
_____,_____,_____,_____,_____,_____,_____,_____,_____,_____,_____,_____,_____,_____,_____,_____,_____,_____,_____,_____,_____,_____,_____,_____,_____,
_____,_____,_____,_____,_____,_____,_____,_____,_____,_____,_____,_____,_____,_____,_____,_____,_____,_____,_____,_____,_____,_____,_____,_____,_____,
_____,_____,_____,_____,_____,_____,_____,_____,_____,_____,_____,_____,_____,_____,_____,_____,_____,_____,_____,_____,_____,_____,_____,_____,_____,
_____,_____,_____,_____,_____,_____,_____,_____,_____,_____,_____,_____,_____,_____,_____,_____,_____,_____,_____,_____,_____,_____,_____,_____,_____,
_____,_____,_____,_____,_____,_____,_____,_____,_____,_____,_____,_____,_____,_____,_____,_____,_____,_____,_____,_____,_____,_____,_____,_____,_____,
#
_____,K0m00,K0m00,sssss,sssss,sssss,sssss,sssss,sssss,sssss,sssss,sssss,sssss,sssss,sssss,sssss,sssss,sssss,sssss,sssss,sssss,sssss,K0m00,_____,_____,
_____,S0m00,S0m00,T0m00,S0m00,S0m00,S0m00,T0m00,T0m00,T0m00,T0m00,T0m00,T0m00,T0m00,T0m00,T0m00,T0m00,T0m00,S0m00,S0m00,S0m00,T0m00,S0m00,_____,_____,
_____,S0m00,_____,S0m00,C0m00,_____,_____,_____,_____,_____,_____,_____,_____,_____,_____,_____,_____,_____,_____,_____,_____,_____,S0m00,_____,_____,
_____,S0m00,_____,C0m00,C0m00,_____,_____,_____,_____,_____,_____,_____,_____,_____,_____,_____,_____,_____,_____,_____,_____,_____,S0m00,_____,_____,
_____,S0m00,C0m00,C0m00,C0m00,_____,_____,_____,_____,_____,_____,_____,_____,_____,_____,_____,_____,_____,_____,_____,_____,_____,S0m00,_____,_____,
_____,S0m00,S0m00,C0m00,C0m00,_____,_____,_____,_____,_____,_____,_____,_____,_____,_____,_____,_____,_____,_____,_____,_____,_____,S0m00,_____,_____,
_____,C0m00,_____,C0m00,C0m00,_____,_____,_____,_____,_____,_____,_____,_____,_____,_____,_____,_____,_____,_____,_____,_____,C0m00,_____,C0m00,_____,
_____,_____,_____,_____,_____,_____,_____,_____,_____,_____,_____,_____,_____,_____,_____,_____,_____,_____,_____,_____,_____,_____,_____,_____,_____,
_____,_____,_____,_____,_____,_____,_____,_____,_____,_____,_____,_____,_____,_____,_____,_____,_____,_____,_____,_____,_____,_____,_____,_____,_____,
_____,_____,_____,_____,_____,_____,_____,_____,_____,_____,_____,_____,_____,_____,_____,_____,_____,_____,_____,_____,_____,_____,_____,_____,_____,
_____,_____,_____,_____,_____,_____,_____,_____,_____,_____,_____,_____,_____,_____,_____,_____,_____,_____,_____,_____,_____,_____,_____,_____,_____,
_____,_____,_____,_____,_____,_____,_____,_____,_____,_____,_____,_____,_____,_____,_____,_____,_____,_____,_____,_____,_____,_____,_____,_____,_____,
_____,_____,_____,_____,_____,_____,_____,_____,_____,_____,_____,_____,_____,_____,_____,_____,_____,_____,_____,_____,_____,_____,_____,_____,_____,
_____,_____,_____,_____,_____,_____,_____,_____,_____,_____,_____,_____,_____,_____,_____,_____,_____,_____,_____,_____,_____,_____,_____,_____,_____,
_____,_____,_____,_____,_____,_____,_____,_____,_____,_____,_____,_____,_____,_____,_____,_____,_____,_____,_____,_____,_____,_____,_____,_____,_____,
_____,_____,_____,_____,_____,_____,_____,_____,_____,_____,_____,_____,_____,_____,_____,_____,_____,_____,_____,_____,_____,_____,_____,_____,_____,
_____,_____,_____,_____,_____,_____,_____,_____,_____,_____,_____,_____,_____,_____,_____,_____,_____,_____,_____,_____,_____,_____,_____,_____,_____,
_____,_____,_____,_____,_____,_____,_____,_____,_____,_____,_____,_____,_____,_____,_____,_____,_____,_____,_____,_____,_____,_____,_____,_____,_____,
_____,_____,_____,_____,_____,_____,_____,_____,_____,_____,_____,_____,_____,_____,_____,_____,_____,_____,_____,_____,_____,_____,_____,_____,_____,
_____,_____,_____,_____,_____,_____,_____,_____,_____,_____,_____,_____,_____,_____,_____,_____,_____,_____,_____,_____,_____,_____,_____,_____,_____,
_____,_____,_____,_____,_____,_____,_____,_____,_____,_____,_____,_____,_____,_____,_____,_____,_____,_____,_____,_____,_____,_____,_____,_____,_____,
_____,_____,_____,_____,_____,_____,_____,_____,_____,_____,_____,_____,_____,_____,_____,_____,_____,_____,_____,_____,_____,_____,_____,_____,_____,
#
_____,K0m00,K0m00,sssss,sssss,sssss,sssss,sssss,sssss,sssss,sssss,sssss,sssss,sssss,sssss,sssss,sssss,sssss,sssss,sssss,sssss,sssss,K0m00,_____,_____,
_____,S0m00,S0m00,T0m00,S0m00,S0m00,S0m00,T0m00,S0m00,S0m00,S0m00,S0m00,S0m00,S0m00,S0m00,S0m00,S0m00,T0m00,S0m00,S0m00,S0m00,T0m00,S0m00,_____,_____,
_____,S0m00,_____,S0m00,_____,_____,_____,_____,S0m00,S0m00,S0m00,S0m00,S0m00,S0m00,S0m00,S0m00,S0m00,_____,_____,_____,_____,_____,S0m00,_____,_____,
_____,S0m00,_____,S0m00,_____,_____,_____,_____,S0m00,S0m00,S0m00,C0m00,C0m00,C0m00,S0m00,S0m00,S0m00,_____,_____,_____,_____,_____,S0m00,_____,_____,
_____,S0m00,_____,S0m00,_____,_____,_____,_____,S0m00,S0m00,S0m00,C0m00,_____,C0m00,S0m00,S0m00,S0m00,_____,_____,_____,_____,_____,S0m00,_____,_____,
_____,S0m00,S0m00,S0m00,_____,_____,_____,_____,S0m00,S0m00,S0m00,C0m00,C0m00,C0m00,S0m00,S0m00,S0m00,_____,_____,_____,_____,_____,S0m00,_____,_____,
_____,C0m00,_____,C0m00,_____,_____,_____,_____,S0m00,S0m00,S0m00,S0m00,S0m00,S0m00,S0m00,S0m00,S0m00,_____,_____,_____,_____,C0m00,_____,C0m00,_____,
_____,_____,_____,_____,_____,_____,_____,_____,S0m00,S0m00,S0m00,S0m00,S0m00,S0m00,S0m00,S0m00,S0m00,_____,_____,_____,_____,_____,_____,_____,_____,
_____,_____,_____,_____,_____,_____,_____,_____,S0m00,S0m00,S0m00,S0m00,S0m00,S0m00,S0m00,S0m00,S0m00,_____,_____,_____,_____,_____,_____,_____,_____,
_____,_____,_____,_____,_____,_____,_____,_____,S0m00,S0m00,S0m00,C0m00,C0m00,C0m00,S0m00,S0m00,S0m00,_____,_____,_____,_____,_____,_____,_____,_____,
_____,_____,_____,_____,_____,_____,_____,_____,S0m00,S0m00,S0m00,C0m00,_____,C0m00,S0m00,S0m00,S0m00,_____,_____,_____,_____,_____,_____,_____,_____,
_____,_____,_____,_____,_____,_____,_____,_____,S0m00,S0m00,S0m00,C0m00,C0m00,C0m00,S0m00,S0m00,S0m00,_____,_____,_____,_____,_____,_____,_____,_____,
_____,_____,_____,_____,_____,_____,_____,_____,S0m00,S0m00,S0m00,S0m00,S0m00,S0m00,S0m00,S0m00,S0m00,_____,_____,_____,_____,_____,_____,_____,_____,
_____,_____,_____,_____,_____,_____,_____,_____,S0m00,S0m00,S0m00,S0m00,S0m00,S0m00,S0m00,S0m00,S0m00,_____,_____,_____,_____,_____,_____,_____,_____,
_____,_____,_____,_____,_____,_____,_____,_____,C0m00,C0m00,C0m00,C0m00,C0m00,C0m00,C0m00,C0m00,C0m00,_____,_____,_____,_____,_____,_____,_____,_____,
_____,_____,_____,_____,_____,_____,_____,_____,C0m00,_____,C0m00,_____,C0m00,_____,C0m00,_____,C0m00,_____,_____,_____,_____,_____,_____,_____,_____,
_____,_____,_____,_____,_____,_____,_____,_____,TrN00,_____,TrN00,_____,TrN00,_____,TrN00,_____,TrN00,_____,_____,_____,_____,_____,_____,_____,_____,
_____,_____,_____,_____,_____,_____,_____,_____,_____,_____,_____,_____,_____,_____,_____,_____,_____,_____,_____,_____,_____,_____,_____,_____,_____,
_____,_____,_____,_____,_____,_____,_____,_____,_____,_____,_____,_____,_____,_____,_____,_____,_____,_____,_____,_____,_____,_____,_____,_____,_____,
_____,_____,_____,_____,_____,_____,_____,_____,_____,_____,_____,_____,_____,_____,_____,_____,_____,_____,_____,_____,_____,_____,_____,_____,_____,
_____,_____,_____,_____,_____,_____,_____,_____,_____,_____,_____,_____,_____,_____,_____,_____,_____,_____,_____,_____,_____,_____,_____,_____,_____,
_____,_____,_____,_____,_____,_____,_____,_____,_____,_____,_____,_____,_____,_____,_____,_____,_____,_____,_____,_____,_____,_____,_____,_____,_____,
#
_____,K0m00,K0m00,sssss,sssss,sssss,sssss,sssss,sssss,sssss,sssss,sssss,sssss,sssss,sssss,sssss,sssss,sssss,sssss,sssss,sssss,sssss,C0m00,C0m00,_____,
_____,S0m00,S0m00,T0m00,S0m00,S0m00,S0m00,T0m00,S0m00,T0m00,T0m00,T0m00,T0m00,T0m00,T0m00,T0m00,S0m00,T0m00,S0m00,S0m00,S0m00,T0m00,C0m00,C0m00,_____,
_____,S0m00,_____,S0m00,_____,_____,_____,_____,S0m00,_____,_____,_____,_____,_____,_____,_____,S0m00,_____,_____,_____,_____,C0m00,C0m00,C0m00,_____,
_____,S0m00,_____,S0m00,_____,_____,_____,_____,S0m00,_____,_____,_____,_____,_____,_____,_____,S0m00,_____,_____,_____,_____,C0m00,C0m00,C0m00,_____,
_____,S0m00,_____,S0m00,_____,_____,_____,_____,S0m00,_____,_____,_____,_____,_____,_____,_____,S0m00,_____,_____,_____,_____,C0m00,C0m00,C0m00,_____,
_____,S0m00,S0m00,S0m00,_____,_____,_____,_____,S0m00,_____,_____,_____,_____,_____,_____,_____,S0m00,_____,_____,_____,_____,C0m00,S0m00,C0m00,_____,
_____,C0m00,_____,C0m00,_____,_____,_____,_____,S0m00,TcN00,_____,_____,_____,_____,_____,TcN00,S0m00,_____,_____,_____,_____,C0m00,_____,C0m00,_____,
_____,_____,_____,_____,_____,_____,_____,_____,S0m00,T0m00,T0m00,T0m00,T0m00,T0m00,T0m00,T0m00,S0m00,_____,_____,_____,_____,_____,_____,_____,_____,
_____,_____,_____,_____,_____,_____,_____,_____,S0m00,_____,_____,_____,_____,_____,_____,_____,S0m00,_____,_____,_____,_____,_____,_____,_____,_____,
_____,_____,_____,_____,_____,_____,_____,_____,S0m00,_____,_____,_____,_____,_____,_____,_____,S0m00,_____,_____,_____,_____,_____,_____,_____,_____,
_____,_____,_____,_____,_____,_____,_____,_____,S0m00,_____,_____,_____,_____,_____,_____,_____,S0m00,_____,_____,_____,_____,_____,_____,_____,_____,
_____,_____,_____,_____,_____,_____,_____,_____,S0m00,_____,_____,_____,_____,_____,_____,_____,S0m00,_____,_____,_____,_____,_____,_____,_____,_____,
_____,_____,_____,_____,_____,_____,_____,_____,S0m00,TcN00,_____,_____,_____,_____,_____,TcN00,S0m00,_____,_____,_____,_____,_____,_____,_____,_____,
_____,_____,_____,_____,_____,_____,_____,_____,S0m00,T0m00,T0m00,T0m00,T0m00,T0m00,T0m00,T0m00,S0m00,_____,_____,_____,_____,_____,_____,_____,_____,
_____,_____,_____,_____,_____,_____,_____,_____,C0m00,_____,_____,_____,_____,_____,_____,_____,C0m00,_____,_____,_____,_____,_____,_____,_____,_____,
_____,_____,_____,_____,_____,_____,_____,_____,_____,_____,_____,_____,_____,_____,_____,_____,_____,_____,_____,_____,_____,_____,_____,_____,_____,
_____,_____,_____,_____,_____,_____,_____,_____,_____,_____,_____,_____,_____,_____,_____,_____,_____,_____,_____,_____,_____,_____,_____,_____,_____,
_____,_____,_____,_____,_____,_____,_____,_____,_____,_____,_____,_____,_____,_____,_____,_____,_____,_____,_____,_____,_____,_____,_____,_____,_____,
_____,_____,_____,_____,_____,_____,_____,_____,_____,_____,_____,_____,_____,_____,_____,_____,_____,_____,_____,_____,_____,_____,_____,_____,_____,
_____,_____,_____,_____,_____,_____,_____,_____,_____,_____,_____,_____,_____,_____,_____,_____,_____,_____,_____,_____,_____,_____,_____,_____,_____,
_____,_____,_____,_____,_____,_____,_____,_____,_____,_____,_____,_____,_____,_____,_____,_____,_____,_____,_____,_____,_____,_____,_____,_____,_____,
_____,_____,_____,_____,_____,_____,_____,_____,_____,_____,_____,_____,_____,_____,_____,_____,_____,_____,_____,_____,_____,_____,_____,_____,_____,
#
_____,K0m00,K0m00,sssss,sssss,sssss,sssss,sssss,sssss,sssss,sssss,S0m00,S0m00,S0m00,sssss,sssss,sssss,sssss,sssss,sssss,sssss,T0m00,C0m00,C0m00,C0S03,
_____,S0m00,S0m00,T0m00,S0m00,S0m00,S0m00,T0m00,S0m00,T0m00,S0m00,S0m00,S0m00,S0m00,S0m00,T0m00,S0m00,T0m00,T0m00,T0m00,T0m00,T0m00,C0m00,C0S03,_____,
_____,S0m00,_____,S0m00,_____,_____,_____,_____,C0m00,_____,_____,_____,_____,_____,_____,_____,C0m00,_____,_____,_____,_____,_____,Dr0E0,_____,_____,
_____,S0m00,_____,S0m00,_____,_____,_____,_____,C0m00,_____,_____,_____,_____,_____,_____,_____,C0m00,_____,_____,_____,_____,_____,_____,_____,_____,
_____,S0m00,_____,S0m00,_____,_____,_____,_____,C0m00,_____,_____,_____,_____,_____,_____,_____,C0m00,_____,_____,_____,_____,_____,_____,_____,_____,
_____,S0m00,S0m00,S0m00,_____,_____,_____,_____,S0m00,_____,_____,_____,_____,_____,_____,_____,S0m00,_____,_____,_____,_____,C0m00,S0m00,C0m00,_____,
_____,C0m00,_____,C0m00,_____,_____,_____,_____,S0m00,_____,_____,_____,_____,_____,_____,_____,S0m00,_____,_____,_____,_____,C0m00,_____,C0m00,_____,
_____,_____,_____,_____,_____,_____,_____,_____,S0m00,T0m00,S0m00,S0m00,S0m00,S0m00,S0m00,T0m00,S0m00,_____,_____,_____,_____,_____,_____,_____,_____,
_____,_____,_____,_____,_____,_____,_____,_____,S0m00,_____,_____,_____,_____,_____,_____,_____,S0m00,_____,_____,_____,_____,_____,_____,_____,_____,
_____,_____,_____,_____,_____,_____,_____,_____,C0m00,_____,_____,_____,_____,_____,_____,_____,C0m00,_____,_____,_____,_____,_____,_____,_____,_____,
_____,_____,_____,_____,_____,_____,_____,_____,C0m00,_____,_____,_____,_____,_____,_____,_____,C0m00,_____,_____,_____,_____,_____,_____,_____,_____,
_____,_____,_____,_____,_____,_____,_____,_____,C0m00,_____,_____,_____,_____,_____,_____,_____,C0m00,_____,_____,_____,_____,_____,_____,_____,_____,
_____,_____,_____,_____,_____,_____,_____,_____,S0m00,_____,_____,_____,_____,_____,_____,_____,S0m00,_____,_____,_____,_____,_____,_____,_____,_____,
_____,_____,_____,_____,_____,_____,_____,_____,S0m00,T0m00,S0m00,S0m00,S0m00,S0m00,S0m00,T0m00,S0m00,_____,_____,_____,_____,_____,_____,_____,_____,
_____,_____,_____,_____,_____,_____,_____,_____,C0m00,_____,_____,_____,_____,_____,_____,_____,C0m00,_____,_____,_____,_____,_____,_____,_____,_____,
_____,_____,_____,_____,_____,_____,_____,_____,C0m00,_____,_____,_____,_____,_____,_____,_____,C0m00,_____,_____,_____,_____,_____,_____,_____,_____,
_____,_____,_____,_____,_____,_____,_____,_____,TrN00,_____,_____,_____,_____,_____,_____,_____,TrN00,_____,_____,_____,_____,_____,_____,_____,_____,
_____,_____,_____,_____,_____,_____,_____,_____,_____,_____,_____,_____,_____,_____,_____,_____,_____,_____,_____,_____,_____,_____,_____,_____,_____,
_____,_____,_____,_____,_____,_____,_____,_____,_____,_____,_____,_____,_____,_____,_____,_____,_____,_____,_____,_____,_____,_____,_____,_____,_____,
_____,_____,_____,_____,_____,_____,_____,_____,_____,_____,_____,_____,_____,_____,_____,_____,_____,_____,_____,_____,_____,_____,_____,_____,_____,
_____,_____,_____,_____,_____,_____,_____,_____,_____,_____,_____,_____,_____,_____,_____,_____,_____,_____,_____,_____,_____,_____,_____,_____,_____,
_____,_____,_____,_____,_____,_____,_____,_____,_____,_____,_____,_____,_____,_____,_____,_____,_____,_____,_____,_____,_____,_____,_____,_____,_____,
#
_____,K0m00,K0m00,sssss,sssss,sssss,sssss,sssss,sssss,sssss,sssss,S0m00,Ld0E0,S0m00,sssss,sssss,sssss,sssss,sssss,sssss,sssss,W0m00,C0m00,C0m00,C0S03,
_____,S0m00,S0m00,T0m00,S0m00,S0m00,S0m00,T0m00,S0m00,T0m00,S0m00,S0m00,Ld0E0,S0m00,S0m00,T0m00,T0m00,T0m00,W0m00,W0m00,W0m00,W0m00,C0m00,C0S03,_____,
_____,S0m00,_____,S0m00,_____,_____,_____,_____,_____,_____,_____,T0m00,Ld0E0,_____,_____,_____,_____,_____,_____,_____,_____,_____,_____,_____,_____,
_____,S0m00,_____,S0m00,_____,_____,_____,_____,_____,_____,_____,T0m00,Ld0E0,_____,_____,_____,_____,_____,_____,_____,_____,_____,_____,_____,_____,
_____,S0m00,_____,S0m00,_____,_____,_____,_____,C0m00,_____,_____,T0m00,Ld0E0,_____,_____,_____,C0m00,_____,_____,_____,_____,_____,_____,_____,_____,
_____,S0m00,S0m00,S0m00,_____,_____,_____,_____,S0m00,_____,_____,T0m00,Ld0E0,_____,_____,_____,S0m00,_____,_____,_____,_____,C0m00,S0m00,C0m00,_____,
_____,C0m00,_____,C0m00,_____,_____,_____,_____,S0m00,_____,_____,T0m00,Ld0E0,_____,_____,_____,S0m00,_____,_____,_____,_____,C0m00,_____,C0m00,_____,
_____,_____,_____,_____,_____,_____,_____,_____,S0m00,T0m00,S0m00,S0m00,Ld0E0,S0m00,S0m00,T0m00,S0m00,_____,_____,_____,_____,_____,_____,_____,_____,
_____,_____,_____,_____,_____,_____,_____,_____,S0m00,_____,_____,T0m00,Ld0E0,_____,_____,_____,S0m00,_____,_____,_____,_____,_____,_____,_____,_____,
_____,_____,_____,_____,_____,_____,_____,_____,C0m00,_____,_____,T0m00,Ld0E0,_____,_____,_____,C0m00,_____,_____,_____,_____,_____,_____,_____,_____,
_____,_____,_____,_____,_____,_____,_____,_____,_____,_____,_____,T0m00,Ld0E0,_____,_____,_____,_____,_____,_____,_____,_____,_____,_____,_____,_____,
_____,_____,_____,_____,_____,_____,_____,_____,C0m00,_____,_____,T0m00,Ld0E0,_____,_____,_____,C0m00,_____,_____,_____,_____,_____,_____,_____,_____,
_____,_____,_____,_____,_____,_____,_____,_____,S0m00,_____,_____,T0m00,Ld0E0,_____,_____,_____,S0m00,_____,_____,_____,_____,_____,_____,_____,_____,
_____,_____,_____,_____,_____,_____,_____,_____,S0m00,T0m00,S0m00,S0m00,Ld0E0,S0m00,S0m00,T0m00,S0m00,_____,_____,_____,_____,_____,_____,_____,_____,
_____,_____,_____,_____,_____,_____,_____,_____,C0m00,_____,C0m00,_____,_____,_____,C0m00,_____,C0m00,_____,_____,_____,_____,_____,_____,_____,_____,
_____,_____,_____,_____,_____,_____,_____,_____,_____,_____,C0m00,_____,_____,_____,C0m00,_____,_____,_____,_____,_____,_____,_____,_____,_____,_____,
_____,_____,_____,_____,_____,_____,_____,_____,_____,_____,C0m00,_____,_____,_____,C0m00,_____,_____,_____,_____,_____,_____,_____,_____,_____,_____,
_____,_____,_____,_____,_____,_____,_____,_____,_____,_____,C0m00,_____,_____,_____,C0m00,_____,_____,_____,_____,_____,_____,_____,_____,_____,_____,
_____,_____,_____,_____,_____,_____,_____,_____,_____,_____,C0m00,C0m00,C0m00,C0m00,C0m00,_____,_____,_____,_____,_____,_____,_____,_____,_____,_____,
_____,_____,_____,_____,_____,_____,_____,_____,_____,_____,C0m00,_____,C0m00,_____,C0m00,_____,_____,_____,_____,_____,_____,_____,_____,_____,_____,
_____,_____,_____,_____,_____,_____,_____,_____,_____,_____,_____,_____,_____,_____,_____,_____,_____,_____,_____,_____,_____,_____,_____,_____,_____,
_____,_____,_____,_____,_____,_____,_____,_____,_____,_____,_____,_____,_____,_____,_____,_____,_____,_____,_____,_____,_____,_____,_____,_____,_____,
#
_____,K0m00,K0m00,sssss,sssss,sssss,sssss,sssss,sssss,sssss,sssss,S0m00,S0m00,S0m00,sssss,sssss,sssss,sssss,sssss,sssss,sssss,T0m00,C0m00,C0m00,C0S03,
_____,S0m00,S0m00,T0m00,S0m00,S0m00,S0m00,T0m00,S0m00,T0m00,S0m00,S0m00,S0m00,S0m00,S0m00,T0m00,S0m00,T0m00,T0m00,T0m00,T0m00,T0m00,C0m00,C0S03,_____,
_____,S0m00,_____,S0m00,_____,_____,_____,_____,C0m00,_____,_____,_____,_____,_____,_____,_____,C0m00,_____,_____,_____,_____,_____,Dl0E0,_____,_____,
_____,S0m00,_____,S0m00,_____,_____,_____,_____,C0m00,_____,_____,_____,_____,_____,_____,_____,C0m00,_____,_____,_____,_____,_____,_____,_____,_____,
_____,S0m00,_____,S0m00,_____,_____,_____,_____,C0m00,_____,_____,_____,_____,_____,_____,_____,C0m00,_____,_____,_____,_____,_____,_____,_____,_____,
_____,S0m00,S0m00,S0m00,_____,_____,_____,_____,S0m00,_____,_____,_____,_____,_____,_____,_____,S0m00,_____,_____,_____,_____,C0m00,S0m00,C0m00,_____,
_____,C0m00,_____,C0m00,_____,_____,_____,_____,S0m00,_____,_____,_____,_____,_____,_____,_____,S0m00,_____,_____,_____,_____,C0m00,_____,C0m00,_____,
_____,_____,_____,_____,_____,_____,_____,_____,S0m00,T0m00,S0m00,S0m00,S0m00,S0m00,S0m00,T0m00,S0m00,_____,_____,_____,_____,_____,_____,_____,_____,
_____,_____,_____,_____,_____,_____,_____,_____,S0m00,_____,_____,_____,_____,_____,_____,_____,S0m00,_____,_____,_____,_____,_____,_____,_____,_____,
_____,_____,_____,_____,_____,_____,_____,_____,C0m00,_____,_____,_____,_____,_____,_____,_____,C0m00,_____,_____,_____,_____,_____,_____,_____,_____,
_____,_____,_____,_____,_____,_____,_____,_____,C0m00,_____,_____,_____,_____,_____,_____,_____,C0m00,_____,_____,_____,_____,_____,_____,_____,_____,
_____,_____,_____,_____,_____,_____,_____,_____,C0m00,_____,_____,_____,_____,_____,_____,_____,C0m00,_____,_____,_____,_____,_____,_____,_____,_____,
_____,_____,_____,_____,_____,_____,_____,_____,S0m00,_____,_____,_____,_____,_____,_____,_____,S0m00,_____,_____,_____,_____,_____,_____,_____,_____,
_____,_____,_____,_____,_____,_____,_____,_____,S0m00,T0m00,S0m00,S0m00,S0m00,S0m00,S0m00,T0m00,S0m00,_____,_____,_____,_____,_____,_____,_____,_____,
_____,_____,_____,_____,_____,_____,_____,_____,C0m00,_____,_____,_____,_____,_____,Ld0W0,_____,C0m00,_____,_____,_____,_____,_____,_____,_____,_____,
_____,_____,_____,_____,_____,_____,_____,_____,C0m00,_____,_____,_____,_____,_____,Ld0W0,_____,C0m00,_____,_____,_____,_____,_____,_____,_____,_____,
_____,_____,_____,_____,_____,_____,_____,_____,TrN00,_____,_____,_____,_____,_____,Ld0W0,_____,TrN00,_____,_____,_____,_____,_____,_____,_____,_____,
_____,_____,_____,_____,_____,_____,_____,_____,_____,_____,_____,_____,_____,_____,Ld0W0,_____,_____,_____,_____,_____,_____,_____,_____,_____,_____,
_____,_____,_____,_____,_____,_____,_____,_____,_____,_____,_____,_____,_____,_____,Ld0W0,_____,_____,_____,_____,_____,_____,_____,_____,_____,_____,
_____,_____,_____,_____,_____,_____,_____,_____,_____,_____,_____,_____,_____,_____,Ld0W0,_____,_____,_____,_____,_____,_____,_____,_____,_____,_____,
_____,_____,_____,_____,_____,_____,_____,_____,_____,_____,_____,_____,_____,_____,_____,_____,_____,_____,_____,_____,_____,_____,_____,_____,_____,
_____,_____,_____,_____,_____,_____,_____,_____,_____,_____,_____,_____,_____,_____,_____,_____,_____,_____,_____,_____,_____,_____,_____,_____,_____,
#
_____,K0m00,K0m00,sssss,sssss,sssss,sssss,sssss,sssss,sssss,sssss,sssss,sssss,sssss,sssss,sssss,sssss,sssss,sssss,sssss,sssss,sssss,C0m00,C0m00,_____,
_____,S0m00,S0m00,T0m00,S0m00,S0m00,S0m00,T0m00,S0m00,T0m00,T0m00,T0m00,T0m00,T0m00,T0m00,T0m00,S0m00,T0m00,S0m00,S0m00,S0m00,T0m00,C0m00,C0m00,_____,
_____,S0m00,_____,S0m00,_____,_____,_____,_____,S0m00,_____,_____,_____,_____,_____,_____,_____,S0m00,_____,_____,_____,_____,C0m00,C0m00,C0m00,_____,
_____,S0m00,_____,S0m00,_____,_____,_____,_____,S0m00,_____,_____,_____,_____,_____,_____,_____,S0m00,_____,_____,_____,_____,C0m00,C0m00,C0m00,_____,
_____,S0m00,_____,S0m00,_____,_____,_____,_____,S0m00,_____,_____,_____,_____,_____,_____,_____,S0m00,_____,_____,_____,_____,C0m00,C0m00,C0m00,_____,
_____,S0m00,S0m00,S0m00,_____,_____,_____,_____,S0m00,_____,_____,_____,_____,_____,_____,_____,S0m00,_____,_____,_____,_____,C0m00,S0m00,C0m00,_____,
_____,C0m00,_____,C0m00,_____,_____,_____,_____,S0m00,TcN00,_____,_____,_____,_____,_____,TcN00,S0m00,_____,_____,_____,_____,C0m00,_____,C0m00,_____,
_____,_____,_____,_____,_____,_____,_____,_____,S0m00,T0m00,T0m00,T0m00,T0m00,T0m00,T0m00,T0m00,S0m00,_____,_____,_____,_____,_____,_____,_____,_____,
_____,_____,_____,_____,_____,_____,_____,_____,S0m00,_____,_____,_____,_____,_____,_____,_____,S0m00,_____,_____,_____,_____,_____,_____,_____,_____,
_____,_____,_____,_____,_____,_____,_____,_____,S0m00,_____,_____,_____,_____,_____,_____,_____,S0m00,_____,_____,_____,_____,_____,_____,_____,_____,
_____,_____,_____,_____,_____,_____,_____,_____,S0m00,_____,_____,_____,_____,_____,_____,_____,S0m00,_____,_____,_____,_____,_____,_____,_____,_____,
_____,_____,_____,_____,_____,_____,_____,_____,S0m00,_____,_____,_____,_____,_____,_____,_____,S0m00,_____,_____,_____,_____,_____,_____,_____,_____,
_____,_____,_____,_____,_____,_____,_____,_____,S0m00,TcN00,_____,_____,_____,_____,_____,TcN00,S0m00,_____,_____,_____,_____,_____,_____,_____,_____,
_____,_____,_____,_____,_____,_____,_____,_____,S0m00,T0m00,T0m00,T0m00,T0m00,T0m00,T0m00,T0m00,S0m00,_____,_____,_____,_____,_____,_____,_____,_____,
_____,_____,_____,_____,_____,_____,_____,_____,C0m00,_____,_____,_____,_____,_____,_____,_____,C0m00,_____,_____,_____,_____,_____,_____,_____,_____,
_____,_____,_____,_____,_____,_____,_____,_____,_____,_____,_____,_____,_____,_____,_____,_____,_____,_____,_____,_____,_____,_____,_____,_____,_____,
_____,_____,_____,_____,_____,_____,_____,_____,_____,_____,_____,_____,_____,_____,_____,_____,_____,_____,_____,_____,_____,_____,_____,_____,_____,
_____,_____,_____,_____,_____,_____,_____,_____,_____,_____,_____,_____,_____,_____,_____,_____,_____,_____,_____,_____,_____,_____,_____,_____,_____,
_____,_____,_____,_____,_____,_____,_____,_____,_____,_____,_____,_____,_____,_____,_____,_____,_____,_____,_____,_____,_____,_____,_____,_____,_____,
_____,_____,_____,_____,_____,_____,_____,_____,_____,_____,_____,_____,_____,_____,_____,_____,_____,_____,_____,_____,_____,_____,_____,_____,_____,
_____,_____,_____,_____,_____,_____,_____,_____,_____,_____,_____,_____,_____,_____,_____,_____,_____,_____,_____,_____,_____,_____,_____,_____,_____,
_____,_____,_____,_____,_____,_____,_____,_____,_____,_____,_____,_____,_____,_____,_____,_____,_____,_____,_____,_____,_____,_____,_____,_____,_____,
#
_____,K0m00,K0m00,sssss,sssss,sssss,sssss,sssss,sssss,sssss,sssss,sssss,sssss,sssss,sssss,sssss,sssss,sssss,sssss,sssss,sssss,sssss,K0m00,_____,_____,
_____,S0m00,S0m00,T0m00,S0m00,S0m00,S0m00,T0m00,S0m00,S0m00,S0m00,S0m00,S0m00,S0m00,S0m00,S0m00,S0m00,T0m00,S0m00,S0m00,S0m00,T0m00,S0m00,_____,_____,
_____,S0m00,_____,S0m00,_____,_____,_____,_____,S0m00,S0m00,S0m00,S0m00,S0m00,S0m00,S0m00,S0m00,S0m00,_____,_____,_____,_____,_____,S0m00,_____,_____,
_____,S0m00,_____,S0m00,_____,_____,_____,_____,S0m00,S0m00,S0m00,C0m00,C0m00,C0m00,S0m00,S0m00,S0m00,_____,_____,_____,_____,_____,S0m00,_____,_____,
_____,S0m00,_____,S0m00,_____,_____,_____,_____,S0m00,S0m00,S0m00,C0m00,_____,C0m00,S0m00,S0m00,S0m00,_____,_____,_____,_____,_____,S0m00,_____,_____,
_____,S0m00,S0m00,S0m00,_____,_____,_____,_____,S0m00,S0m00,S0m00,C0m00,C0m00,C0m00,S0m00,S0m00,S0m00,_____,_____,_____,_____,_____,S0m00,_____,_____,
_____,C0m00,_____,C0m00,_____,_____,_____,_____,S0m00,S0m00,S0m00,S0m00,S0m00,S0m00,S0m00,S0m00,S0m00,_____,_____,_____,_____,C0m00,_____,C0m00,_____,
_____,_____,_____,_____,_____,_____,_____,_____,S0m00,S0m00,S0m00,S0m00,S0m00,S0m00,S0m00,S0m00,S0m00,_____,_____,_____,_____,_____,_____,_____,_____,
_____,_____,_____,_____,_____,_____,_____,_____,S0m00,S0m00,S0m00,S0m00,S0m00,S0m00,S0m00,S0m00,S0m00,_____,_____,_____,_____,_____,_____,_____,_____,
_____,_____,_____,_____,_____,_____,_____,_____,S0m00,S0m00,S0m00,C0m00,C0m00,C0m00,S0m00,S0m00,S0m00,_____,_____,_____,_____,_____,_____,_____,_____,
_____,_____,_____,_____,_____,_____,_____,_____,S0m00,S0m00,S0m00,C0m00,_____,C0m00,S0m00,S0m00,S0m00,_____,_____,_____,_____,_____,_____,_____,_____,
_____,_____,_____,_____,_____,_____,_____,_____,S0m00,S0m00,S0m00,C0m00,C0m00,C0m00,S0m00,S0m00,S0m00,_____,_____,_____,_____,_____,_____,_____,_____,
_____,_____,_____,_____,_____,_____,_____,_____,S0m00,S0m00,S0m00,S0m00,S0m00,S0m00,S0m00,S0m00,S0m00,_____,_____,_____,_____,_____,_____,_____,_____,
_____,_____,_____,_____,_____,_____,_____,_____,S0m00,S0m00,S0m00,S0m00,S0m00,S0m00,S0m00,S0m00,S0m00,_____,_____,_____,_____,_____,_____,_____,_____,
_____,_____,_____,_____,_____,_____,_____,_____,C0m00,C0m00,C0m00,C0m00,C0m00,C0m00,C0m00,C0m00,C0m00,_____,_____,_____,_____,_____,_____,_____,_____,
_____,_____,_____,_____,_____,_____,_____,_____,C0m00,_____,C0m00,_____,C0m00,_____,C0m00,_____,C0m00,_____,_____,_____,_____,_____,_____,_____,_____,
_____,_____,_____,_____,_____,_____,_____,_____,TrN00,_____,TrN00,_____,TrN00,_____,TrN00,_____,TrN00,_____,_____,_____,_____,_____,_____,_____,_____,
_____,_____,_____,_____,_____,_____,_____,_____,_____,_____,_____,_____,_____,_____,_____,_____,_____,_____,_____,_____,_____,_____,_____,_____,_____,
_____,_____,_____,_____,_____,_____,_____,_____,_____,_____,_____,_____,_____,_____,_____,_____,_____,_____,_____,_____,_____,_____,_____,_____,_____,
_____,_____,_____,_____,_____,_____,_____,_____,_____,_____,_____,_____,_____,_____,_____,_____,_____,_____,_____,_____,_____,_____,_____,_____,_____,
_____,_____,_____,_____,_____,_____,_____,_____,_____,_____,_____,_____,_____,_____,_____,_____,_____,_____,_____,_____,_____,_____,_____,_____,_____,
_____,_____,_____,_____,_____,_____,_____,_____,_____,_____,_____,_____,_____,_____,_____,_____,_____,_____,_____,_____,_____,_____,_____,_____,_____,
#
_____,K0m00,K0m00,sssss,sssss,sssss,sssss,sssss,sssss,sssss,sssss,sssss,sssss,sssss,sssss,sssss,sssss,sssss,sssss,sssss,sssss,sssss,K0m00,_____,_____,
_____,S0m00,S0m00,T0m00,S0m00,S0m00,S0m00,T0m00,T0m00,T0m00,T0m00,T0m00,T0m00,T0m00,T0m00,T0m00,T0m00,T0m00,S0m00,S0m00,S0m00,T0m00,S0m00,_____,_____,
_____,S0m00,_____,S0m00,C0m00,_____,_____,_____,_____,_____,_____,_____,_____,_____,_____,_____,_____,_____,_____,_____,_____,_____,S0m00,_____,_____,
_____,S0m00,_____,C0m00,C0m00,_____,_____,_____,_____,_____,_____,_____,_____,_____,_____,_____,_____,_____,_____,_____,_____,_____,S0m00,_____,_____,
_____,S0m00,C0m00,C0m00,C0m00,_____,_____,_____,_____,_____,_____,_____,_____,_____,_____,_____,_____,_____,_____,_____,_____,_____,S0m00,_____,_____,
_____,S0m00,S0m00,S0m00,C0m00,_____,_____,_____,_____,_____,_____,_____,_____,_____,_____,_____,_____,_____,_____,_____,_____,_____,S0m00,_____,_____,
_____,C0m00,_____,C0m00,C0m00,_____,_____,_____,_____,_____,_____,_____,_____,_____,_____,_____,_____,_____,_____,_____,_____,C0m00,_____,C0m00,_____,
_____,_____,_____,_____,_____,_____,_____,_____,_____,_____,_____,_____,_____,_____,_____,_____,_____,_____,_____,_____,_____,_____,_____,_____,_____,
_____,_____,_____,_____,_____,_____,_____,_____,_____,_____,_____,_____,_____,_____,_____,_____,_____,_____,_____,_____,_____,_____,_____,_____,_____,
_____,_____,_____,_____,_____,_____,_____,_____,_____,_____,_____,_____,_____,_____,_____,_____,_____,_____,_____,_____,_____,_____,_____,_____,_____,
_____,_____,_____,_____,_____,_____,_____,_____,_____,_____,_____,_____,_____,_____,_____,_____,_____,_____,_____,_____,_____,_____,_____,_____,_____,
_____,_____,_____,_____,_____,_____,_____,_____,_____,_____,_____,_____,_____,_____,_____,_____,_____,_____,_____,_____,_____,_____,_____,_____,_____,
_____,_____,_____,_____,_____,_____,_____,_____,_____,_____,_____,_____,_____,_____,_____,_____,_____,_____,_____,_____,_____,_____,_____,_____,_____,
_____,_____,_____,_____,_____,_____,_____,_____,_____,_____,_____,_____,_____,_____,_____,_____,_____,_____,_____,_____,_____,_____,_____,_____,_____,
_____,_____,_____,_____,_____,_____,_____,_____,_____,_____,_____,_____,_____,_____,_____,_____,_____,_____,_____,_____,_____,_____,_____,_____,_____,
_____,_____,_____,_____,_____,_____,_____,_____,_____,_____,_____,_____,_____,_____,_____,_____,_____,_____,_____,_____,_____,_____,_____,_____,_____,
_____,_____,_____,_____,_____,_____,_____,_____,_____,_____,_____,_____,_____,_____,_____,_____,_____,_____,_____,_____,_____,_____,_____,_____,_____,
_____,_____,_____,_____,_____,_____,_____,_____,_____,_____,_____,_____,_____,_____,_____,_____,_____,_____,_____,_____,_____,_____,_____,_____,_____,
_____,_____,_____,_____,_____,_____,_____,_____,_____,_____,_____,_____,_____,_____,_____,_____,_____,_____,_____,_____,_____,_____,_____,_____,_____,
_____,_____,_____,_____,_____,_____,_____,_____,_____,_____,_____,_____,_____,_____,_____,_____,_____,_____,_____,_____,_____,_____,_____,_____,_____,
_____,_____,_____,_____,_____,_____,_____,_____,_____,_____,_____,_____,_____,_____,_____,_____,_____,_____,_____,_____,_____,_____,_____,_____,_____,
_____,_____,_____,_____,_____,_____,_____,_____,_____,_____,_____,_____,_____,_____,_____,_____,_____,_____,_____,_____,_____,_____,_____,_____,_____,
#
_____,K0m00,K0m00,sssss,sssss,sssss,sssss,sssss,sssss,sssss,sssss,sssss,sssss,sssss,sssss,sssss,sssss,sssss,sssss,sssss,sssss,sssss,K0m00,_____,_____,
_____,S0m00,S0m00,T0m00,S0m00,S0m00,S0m00,S0m00,S0m00,S0m00,S0m00,S0m00,S0m00,S0m00,S0m00,S0m00,S0m00,S0m00,S0m00,S0m00,S0m00,T0m00,S0m00,_____,_____,
_____,S0m00,_____,_____,C0m00,_____,_____,_____,_____,_____,_____,_____,_____,_____,_____,_____,_____,_____,_____,_____,_____,_____,S0m00,_____,_____,
_____,S0m00,_____,_____,C0m00,_____,_____,_____,_____,_____,_____,_____,_____,_____,_____,_____,_____,_____,_____,_____,_____,_____,S0m00,_____,_____,
_____,S0m00,_____,TwW00,C0m00,_____,_____,_____,_____,_____,_____,_____,_____,_____,_____,_____,_____,_____,_____,_____,_____,_____,S0m00,_____,_____,
_____,S0m00,S0m00,S0m00,C0m00,_____,_____,_____,_____,_____,_____,_____,_____,_____,_____,_____,_____,_____,_____,_____,_____,_____,S0m00,_____,_____,
_____,C0m00,_____,_____,C0m00,_____,_____,_____,_____,_____,_____,_____,_____,_____,_____,_____,_____,_____,_____,_____,_____,C0m00,_____,C0m00,_____,
_____,_____,_____,_____,_____,_____,_____,_____,_____,_____,_____,_____,_____,_____,_____,_____,_____,_____,_____,_____,_____,_____,_____,_____,_____,
_____,_____,_____,_____,_____,_____,_____,_____,_____,_____,_____,_____,_____,_____,_____,_____,_____,_____,_____,_____,_____,_____,_____,_____,_____,
_____,_____,_____,_____,_____,_____,_____,_____,_____,_____,_____,_____,_____,_____,_____,_____,_____,_____,_____,_____,_____,_____,_____,_____,_____,
_____,_____,_____,_____,_____,_____,_____,_____,_____,_____,_____,_____,_____,_____,_____,_____,_____,_____,_____,_____,_____,_____,_____,_____,_____,
_____,_____,_____,_____,_____,_____,_____,_____,_____,_____,_____,_____,_____,_____,_____,_____,_____,_____,_____,_____,_____,_____,_____,_____,_____,
_____,_____,_____,_____,_____,_____,_____,_____,_____,_____,_____,_____,_____,_____,_____,_____,_____,_____,_____,_____,_____,_____,_____,_____,_____,
_____,_____,_____,_____,_____,_____,_____,_____,_____,_____,_____,_____,_____,_____,_____,_____,_____,_____,_____,_____,_____,_____,_____,_____,_____,
_____,_____,_____,_____,_____,_____,_____,_____,_____,_____,_____,_____,_____,_____,_____,_____,_____,_____,_____,_____,_____,_____,_____,_____,_____,
_____,_____,_____,_____,_____,_____,_____,_____,_____,_____,_____,_____,_____,_____,_____,_____,_____,_____,_____,_____,_____,_____,_____,_____,_____,
_____,_____,_____,_____,_____,_____,_____,_____,_____,_____,_____,_____,_____,_____,_____,_____,_____,_____,_____,_____,_____,_____,_____,_____,_____,
_____,_____,_____,_____,_____,_____,_____,_____,_____,_____,_____,_____,_____,_____,_____,_____,_____,_____,_____,_____,_____,_____,_____,_____,_____,
_____,_____,_____,_____,_____,_____,_____,_____,_____,_____,_____,_____,_____,_____,_____,_____,_____,_____,_____,_____,_____,_____,_____,_____,_____,
_____,_____,_____,_____,_____,_____,_____,_____,_____,_____,_____,_____,_____,_____,_____,_____,_____,_____,_____,_____,_____,_____,_____,_____,_____,
_____,_____,_____,_____,_____,_____,_____,_____,_____,_____,_____,_____,_____,_____,_____,_____,_____,_____,_____,_____,_____,_____,_____,_____,_____,
_____,_____,_____,_____,_____,_____,_____,_____,_____,_____,_____,_____,_____,_____,_____,_____,_____,_____,_____,_____,_____,_____,_____,_____,_____,
#
_____,K0m00,K0m00,sssss,sssss,sssss,sssss,sssss,sssss,sssss,sssss,sssss,sssss,sssss,sssss,sssss,sssss,sssss,sssss,sssss,sssss,sssss,K0m00,_____,_____,
_____,S0m00,S0m00,T0m00,T0m00,T0m00,S0m00,S0m00,S0m00,S0m00,S0m00,S0m00,S0m00,S0m00,S0m00,S0m00,S0m00,S0m00,S0m00,T0m00,T0m00,T0m00,S0m00,_____,_____,
_____,S0m00,_____,_____,_____,_____,_____,_____,_____,_____,_____,_____,_____,_____,_____,_____,_____,_____,_____,_____,_____,_____,S0m00,_____,_____,
_____,S0m00,_____,_____,_____,_____,_____,_____,_____,_____,_____,_____,_____,_____,_____,_____,_____,_____,_____,_____,_____,_____,S0m00,_____,_____,
_____,S0m00,_____,_____,C0m00,_____,_____,_____,_____,_____,_____,_____,_____,_____,_____,_____,_____,_____,_____,_____,_____,_____,S0m00,_____,_____,
_____,S0m00,S0m00,S0m00,C0m00,_____,_____,_____,_____,_____,_____,_____,_____,_____,_____,_____,_____,_____,_____,_____,_____,_____,S0m00,_____,_____,
_____,C0m00,_____,_____,C0m00,_____,_____,_____,_____,_____,_____,_____,_____,_____,_____,_____,_____,_____,_____,_____,_____,C0m00,_____,C0m00,_____,
_____,_____,_____,_____,_____,_____,_____,_____,_____,_____,_____,_____,_____,_____,_____,_____,_____,_____,_____,_____,_____,_____,_____,_____,_____,
_____,_____,_____,_____,_____,_____,_____,_____,_____,_____,_____,_____,_____,_____,_____,_____,_____,_____,_____,_____,_____,_____,_____,_____,_____,
_____,_____,_____,_____,_____,_____,_____,_____,_____,_____,_____,_____,_____,_____,_____,_____,_____,_____,_____,_____,_____,_____,_____,_____,_____,
_____,_____,_____,_____,_____,_____,_____,_____,_____,_____,_____,_____,_____,_____,_____,_____,_____,_____,_____,_____,_____,_____,_____,_____,_____,
_____,_____,_____,_____,_____,_____,_____,_____,_____,_____,_____,_____,_____,_____,_____,_____,_____,_____,_____,_____,_____,_____,_____,_____,_____,
_____,_____,_____,_____,_____,_____,_____,_____,_____,_____,_____,_____,_____,_____,_____,_____,_____,_____,_____,_____,_____,_____,_____,_____,_____,
_____,_____,_____,_____,_____,_____,_____,_____,_____,_____,_____,_____,_____,_____,_____,_____,_____,_____,_____,_____,_____,_____,_____,_____,_____,
_____,_____,_____,_____,_____,_____,_____,_____,_____,_____,_____,_____,_____,_____,_____,_____,_____,_____,_____,_____,_____,_____,_____,_____,_____,
_____,_____,_____,_____,_____,_____,_____,_____,_____,_____,_____,_____,_____,_____,_____,_____,_____,_____,_____,_____,_____,_____,_____,_____,_____,
_____,_____,_____,_____,_____,_____,_____,_____,_____,_____,_____,_____,_____,_____,_____,_____,_____,_____,_____,_____,_____,_____,_____,_____,_____,
_____,_____,_____,_____,_____,_____,_____,_____,_____,_____,_____,_____,_____,_____,_____,_____,_____,_____,_____,_____,_____,_____,_____,_____,_____,
_____,_____,_____,_____,_____,_____,_____,_____,_____,_____,_____,_____,_____,_____,_____,_____,_____,_____,_____,_____,_____,_____,_____,_____,_____,
_____,_____,_____,_____,_____,_____,_____,_____,_____,_____,_____,_____,_____,_____,_____,_____,_____,_____,_____,_____,_____,_____,_____,_____,_____,
_____,_____,_____,_____,_____,_____,_____,_____,_____,_____,_____,_____,_____,_____,_____,_____,_____,_____,_____,_____,_____,_____,_____,_____,_____,
_____,_____,_____,_____,_____,_____,_____,_____,_____,_____,_____,_____,_____,_____,_____,_____,_____,_____,_____,_____,_____,_____,_____,_____,_____,
#
K0m00,K0m00,K0m00,sssss,sssss,sssss,sssss,sssss,sssss,sssss,sssss,sssss,sssss,sssss,sssss,sssss,sssss,sssss,sssss,sssss,sssss,sssss,K0m00,K0m00,K0m00,
C0m00,C0m00,C0m00,C0m00,C0m00,T0m00,S0m00,S0m00,S0m00,S0m00,S0m00,S0m00,S0m00,S0m00,S0m00,S0m00,S0m00,S0m00,S0m00,T0m00,C0m00,C0m00,C0m00,C0m00,C0m00,
C0m00,C0m00,_____,_____,C0m00,_____,_____,_____,_____,_____,_____,_____,_____,_____,_____,_____,_____,_____,_____,_____,C0m00,_____,C0m00,C0m00,C0m00,
C0m00,C0m00,_____,_____,C0m00,_____,_____,_____,_____,_____,_____,_____,_____,_____,_____,_____,_____,_____,_____,_____,C0m00,_____,C0m00,C0m00,C0m00,
C0m00,C0m00,_____,_____,C0m00,_____,_____,_____,_____,_____,_____,_____,_____,_____,_____,_____,_____,_____,_____,_____,C0m00,C0m00,C0m00,C0m00,C0m00,
C0m00,C0m00,S0m00,C0m00,C0m00,_____,_____,_____,_____,_____,_____,_____,_____,_____,_____,_____,_____,_____,_____,_____,C0m00,C0m00,S0m00,C0m00,C0m00,
C0m00,C0m00,_____,_____,C0m00,_____,_____,_____,_____,_____,_____,_____,_____,_____,_____,_____,_____,_____,_____,_____,C0m00,C0m00,_____,C0m00,C0m00,
C0m00,_____,_____,_____,C0m00,_____,_____,_____,_____,_____,_____,_____,_____,_____,_____,_____,_____,_____,_____,_____,C0m00,_____,_____,_____,C0m00,
TrN00,_____,_____,_____,TrN00,_____,_____,_____,_____,_____,_____,_____,_____,_____,_____,_____,_____,_____,_____,_____,TrN00,_____,_____,_____,TrN00,
_____,_____,_____,_____,_____,_____,_____,_____,_____,_____,_____,_____,_____,_____,_____,_____,_____,_____,_____,_____,_____,_____,_____,_____,_____,
_____,_____,_____,_____,_____,_____,_____,_____,_____,_____,_____,_____,_____,_____,_____,_____,_____,_____,_____,_____,_____,_____,_____,_____,_____,
_____,_____,_____,_____,_____,_____,_____,_____,_____,_____,_____,_____,_____,_____,_____,_____,_____,_____,_____,_____,_____,_____,_____,_____,_____,
_____,_____,_____,_____,_____,_____,_____,_____,_____,_____,_____,_____,_____,_____,_____,_____,_____,_____,_____,_____,_____,_____,_____,_____,_____,
_____,_____,_____,_____,_____,_____,_____,_____,_____,_____,_____,_____,_____,_____,_____,_____,_____,_____,_____,_____,_____,_____,_____,_____,_____,
_____,_____,_____,_____,_____,_____,_____,_____,_____,_____,_____,_____,_____,_____,_____,_____,_____,_____,_____,_____,_____,_____,_____,_____,_____,
_____,_____,_____,_____,_____,_____,_____,_____,_____,_____,_____,_____,_____,_____,_____,_____,_____,_____,_____,_____,_____,_____,_____,_____,_____,
_____,_____,_____,_____,_____,_____,_____,_____,_____,_____,_____,_____,_____,_____,_____,_____,_____,_____,_____,_____,_____,_____,_____,_____,_____,
_____,_____,_____,_____,_____,_____,_____,_____,_____,_____,_____,_____,_____,_____,_____,_____,_____,_____,_____,_____,_____,_____,_____,_____,_____,
_____,_____,_____,_____,_____,_____,_____,_____,_____,_____,_____,_____,_____,_____,_____,_____,_____,_____,_____,_____,_____,_____,_____,_____,_____,
_____,_____,_____,_____,_____,_____,_____,_____,_____,_____,_____,_____,_____,_____,_____,_____,_____,_____,_____,_____,_____,_____,_____,_____,_____,
_____,_____,_____,_____,_____,_____,_____,_____,_____,_____,_____,_____,_____,_____,_____,_____,_____,_____,_____,_____,_____,_____,_____,_____,_____,
_____,_____,_____,_____,_____,_____,_____,_____,_____,_____,_____,_____,_____,_____,_____,_____,_____,_____,_____,_____,_____,_____,_____,_____,_____,
#
K0m00,K0m00,K0m00,sssss,sssss,sssss,sssss,sssss,sssss,sssss,sssss,sssss,sssss,sssss,sssss,sssss,sssss,sssss,sssss,sssss,sssss,sssss,K0m00,K0m00,K0m00,
C0m00,C0m00,C0m00,C0m00,C0m00,T0m00,T0m00,T0m00,T0m00,T0m00,T0m00,T0m00,T0m00,T0m00,T0m00,T0m00,T0m00,T0m00,T0m00,T0m00,C0m00,C0m00,C0m00,C0m00,C0m00,
C0m00,_____,_____,_____,C0m00,S0m00,S0m00,S0m00,S0m00,S0m00,S0m00,S0m00,S0m00,S0m00,S0m00,S0m00,S0m00,S0m00,S0m00,S0m00,C0m00,_____,_____,_____,C0m00,
C0m00,_____,_____,_____,C0m00,S0m00,S0m00,S0m00,S0m00,S0m00,S0m00,S0m00,S0m00,S0m00,S0m00,S0m00,S0m00,S0m00,S0m00,S0m00,C0m00,_____,_____,_____,C0m00,
C0m00,_____,_____,_____,C0m00,S0m00,S0m00,S0m00,S0m00,S0m00,S0m00,S0m00,S0m00,S0m00,S0m00,S0m00,S0m00,S0m00,S0m00,S0m00,C0m00,TwW00,_____,Cs0E0,C0m00,
C0m00,S0m00,S0m00,S0m00,C0m00,S0m00,S0m00,S0m00,S0m00,S0m00,S0m00,S0m00,S0m00,S0m00,S0m00,S0m00,S0m00,S0m00,S0m00,S0m00,C0m00,S0m00,S0m00,C0S02,C0m00,
C0m00,C0m00,_____,_____,C0m00,C0m00,C0m00,C0m00,C0m00,C0m00,C0m00,C0m00,C0m00,C0m00,C0m00,C0m00,C0m00,C0m00,C0m00,C0m00,C0m00,_____,_____,_____,C0m00,
_____,_____,_____,_____,_____,_____,_____,_____,_____,_____,_____,_____,_____,_____,_____,_____,_____,_____,_____,_____,_____,_____,_____,_____,_____,
_____,_____,_____,_____,_____,_____,_____,_____,_____,_____,_____,_____,_____,_____,_____,_____,_____,_____,_____,_____,_____,_____,_____,_____,_____,
_____,_____,_____,_____,_____,_____,_____,_____,_____,_____,_____,_____,_____,_____,_____,_____,_____,_____,_____,_____,_____,_____,_____,_____,_____,
_____,_____,_____,_____,_____,_____,_____,_____,_____,_____,_____,_____,_____,_____,_____,_____,_____,_____,_____,_____,_____,_____,_____,_____,_____,
_____,_____,_____,_____,_____,_____,_____,_____,_____,_____,_____,_____,_____,_____,_____,_____,_____,_____,_____,_____,_____,_____,_____,_____,_____,
_____,_____,_____,_____,_____,_____,_____,_____,_____,_____,_____,_____,_____,_____,_____,_____,_____,_____,_____,_____,_____,_____,_____,_____,_____,
_____,_____,_____,_____,_____,_____,_____,_____,_____,_____,_____,_____,_____,_____,_____,_____,_____,_____,_____,_____,_____,_____,_____,_____,_____,
_____,_____,_____,_____,_____,_____,_____,_____,_____,_____,_____,_____,_____,_____,_____,_____,_____,_____,_____,_____,_____,_____,_____,_____,_____,
_____,_____,_____,_____,_____,_____,_____,_____,_____,_____,_____,_____,_____,_____,_____,_____,_____,_____,_____,_____,_____,_____,_____,_____,_____,
_____,_____,_____,_____,_____,_____,_____,_____,_____,_____,_____,_____,_____,_____,_____,_____,_____,_____,_____,_____,_____,_____,_____,_____,_____,
_____,_____,_____,_____,_____,_____,_____,_____,_____,_____,_____,_____,_____,_____,_____,_____,_____,_____,_____,_____,_____,_____,_____,_____,_____,
_____,_____,_____,_____,_____,_____,_____,_____,_____,_____,_____,_____,_____,_____,_____,_____,_____,_____,_____,_____,_____,_____,_____,_____,_____,
_____,_____,_____,_____,_____,_____,_____,_____,_____,_____,_____,_____,_____,_____,_____,_____,_____,_____,_____,_____,_____,_____,_____,_____,_____,
_____,_____,_____,_____,_____,_____,_____,_____,_____,_____,_____,_____,_____,_____,_____,_____,_____,_____,_____,_____,_____,_____,_____,_____,_____,
_____,_____,_____,_____,_____,_____,_____,_____,_____,_____,_____,_____,_____,_____,_____,_____,_____,_____,_____,_____,_____,_____,_____,_____,_____,
#
K0m00,K0m00,K0m00,K0m00,K0m00,K0m00,K0m00,K0m00,K0m00,K0m00,K0m00,K0m00,K0m00,K0m00,K0m00,K0m00,K0m00,K0m00,K0m00,K0m00,K0m00,K0m00,K0m00,K0m00,K0m00,
C0m00,C0m00,C0m00,C0m00,C0m00,S0m00,S0m00,S0m00,S0m00,S0m00,S0m00,S0m00,S0m00,S0m00,S0m00,S0m00,S0m00,S0m00,S0m00,S0m00,C0m00,C0m00,C0m00,C0m00,C0m00,
C0m00,C0S00,_____,_____,_____,_____,_____,_____,_____,_____,_____,_____,_____,_____,_____,_____,_____,_____,_____,_____,_____,_____,_____,_____,C0m00,
C0m00,_____,_____,_____,_____,_____,_____,_____,_____,_____,_____,_____,_____,_____,_____,_____,_____,_____,_____,_____,_____,_____,_____,_____,C0m00,
C0m00,_____,_____,_____,C0m00,_____,_____,_____,_____,_____,_____,_____,_____,_____,_____,_____,_____,_____,_____,_____,C0m00,_____,_____,C0S02,C0m00,
C0m00,_____,S0m00,S0m00,S0m00,S0m00,S0m00,S0m00,S0m00,S0m00,S0m00,S0m00,S0m00,S0m00,S0m00,S0m00,S0m00,S0m00,S0m00,S0m00,S0m00,S0m00,S0m00,_____,C0m00,
C0m00,_____,_____,_____,_____,_____,_____,_____,_____,_____,_____,_____,_____,_____,_____,_____,_____,_____,_____,_____,_____,_____,_____,_____,C0m00,
C0m00,_____,_____,_____,_____,_____,_____,_____,_____,_____,_____,_____,_____,_____,_____,_____,_____,_____,_____,_____,_____,_____,_____,_____,C0m00,
TrN00,_____,_____,_____,_____,_____,_____,_____,_____,_____,_____,_____,_____,_____,_____,_____,_____,_____,_____,_____,_____,_____,_____,_____,TrN00,
_____,_____,_____,_____,_____,_____,_____,_____,_____,_____,_____,_____,_____,_____,_____,_____,_____,_____,_____,_____,_____,_____,_____,_____,_____,
_____,_____,_____,_____,_____,_____,_____,_____,_____,_____,_____,_____,_____,_____,_____,_____,_____,_____,_____,_____,_____,_____,_____,_____,_____,
_____,_____,_____,_____,_____,_____,_____,_____,_____,_____,_____,_____,_____,_____,_____,_____,_____,_____,_____,_____,_____,_____,_____,_____,_____,
_____,_____,_____,_____,_____,_____,_____,_____,_____,_____,_____,_____,_____,_____,_____,_____,_____,_____,_____,_____,_____,_____,_____,_____,_____,
_____,_____,_____,_____,_____,_____,_____,_____,_____,_____,_____,_____,_____,_____,_____,_____,_____,_____,_____,_____,_____,_____,_____,_____,_____,
_____,_____,_____,_____,_____,_____,_____,_____,_____,_____,_____,_____,_____,_____,_____,_____,_____,_____,_____,_____,_____,_____,_____,_____,_____,
_____,_____,_____,_____,_____,_____,_____,_____,_____,_____,_____,_____,_____,_____,_____,_____,_____,_____,_____,_____,_____,_____,_____,_____,_____,
_____,_____,_____,_____,_____,_____,_____,_____,_____,_____,_____,_____,_____,_____,_____,_____,_____,_____,_____,_____,_____,_____,_____,_____,_____,
_____,_____,_____,_____,_____,_____,_____,_____,_____,_____,_____,_____,_____,_____,_____,_____,_____,_____,_____,_____,_____,_____,_____,_____,_____,
_____,_____,_____,_____,_____,_____,_____,_____,_____,_____,_____,_____,_____,_____,_____,_____,_____,_____,_____,_____,_____,_____,_____,_____,_____,
_____,_____,_____,_____,_____,_____,_____,_____,_____,_____,_____,_____,_____,_____,_____,_____,_____,_____,_____,_____,_____,_____,_____,_____,_____,
_____,_____,_____,_____,_____,_____,_____,_____,_____,_____,_____,_____,_____,_____,_____,_____,_____,_____,_____,_____,_____,_____,_____,_____,_____,
_____,_____,_____,_____,_____,_____,_____,_____,_____,_____,_____,_____,_____,_____,_____,_____,_____,_____,_____,_____,_____,_____,_____,_____,_____,
#
K0m00,K0m00,K0m00,K0m00,K0m00,K0m00,K0m00,K0m00,K0m00,K0m00,K0m00,K0m00,K0m00,K0m00,K0m00,K0m00,K0m00,K0m00,K0m00,K0m00,K0m00,K0m00,K0m00,K0m00,K0m00,
C0m00,C0m00,C1m00,C0m00,C0m00,S0m00,S0m00,S0m00,S0m00,S0m00,S0m00,S0m00,S0m00,S0m00,S0m00,S0m00,S0m00,S0m00,S0m00,S0m00,C0m00,C0m00,C0m00,C1m00,C0m00,
C0m00,Fu0W0,_____,_____,C0m00,S0m00,S0m00,S0m00,S0m00,S0m00,S0m00,S0m00,S0m00,S0m00,S0m00,S0m00,S0m00,S0m00,S0m00,S0m00,C0m00,_____,C0S01,Fu0N0,C0m00,
C0m00,C0S00,_____,_____,C0m00,S0m00,S0m00,S0m00,S0m00,S0m00,S0m00,S0m00,S0m00,S0m00,S0m00,S0m00,S0m00,S0m00,S0m00,S0m00,C0m00,_____,_____,C0S01,C0m00,
C0m00,_____,C0S01,Cs0N0,C0m00,S0m00,S0m00,S0m00,S0m00,S0m00,S0m00,S0m00,S0m00,S0m00,S0m00,S0m00,S0m00,S0m00,S0m00,S0m00,C0m00,_____,_____,_____,C0m00,
C0m00,_____,_____,C0S01,C0m00,S0m00,S0m00,S0m00,S0m00,S0m00,S0m00,S0m00,S0m00,S0m00,S0m00,S0m00,S0m00,S0m00,S0m00,S0m00,C0m00,S0m00,_____,_____,C0m00,
C0m00,_____,_____,_____,C0m00,C0m00,C0m00,C0m00,C0m00,C0m00,C0m00,C0m00,C0m00,C0m00,C0m00,C0m00,C0m00,C0m00,C0m00,C0m00,C0m00,_____,_____,_____,C0m00,
_____,_____,_____,_____,_____,_____,_____,_____,_____,_____,_____,_____,_____,_____,_____,_____,_____,_____,_____,_____,_____,_____,_____,_____,_____,
_____,_____,_____,_____,_____,_____,_____,_____,_____,_____,_____,_____,_____,_____,_____,_____,_____,_____,_____,_____,_____,_____,_____,_____,_____,
_____,_____,_____,_____,_____,_____,_____,_____,_____,_____,_____,_____,_____,_____,_____,_____,_____,_____,_____,_____,_____,_____,_____,_____,_____,
_____,_____,_____,_____,_____,_____,_____,_____,_____,_____,_____,_____,_____,_____,_____,_____,_____,_____,_____,_____,_____,_____,_____,_____,_____,
_____,_____,_____,_____,_____,_____,_____,_____,_____,_____,_____,_____,_____,_____,_____,_____,_____,_____,_____,_____,_____,_____,_____,_____,_____,
_____,_____,_____,_____,_____,_____,_____,_____,_____,_____,_____,_____,_____,_____,_____,_____,_____,_____,_____,_____,_____,_____,_____,_____,_____,
_____,_____,_____,_____,_____,_____,_____,_____,_____,_____,_____,_____,_____,_____,_____,_____,_____,_____,_____,_____,_____,_____,_____,_____,_____,
_____,_____,_____,_____,_____,_____,_____,_____,_____,_____,_____,_____,_____,_____,_____,_____,_____,_____,_____,_____,_____,_____,_____,_____,_____,
_____,_____,_____,_____,_____,_____,_____,_____,_____,_____,_____,_____,_____,_____,_____,_____,_____,_____,_____,_____,_____,_____,_____,_____,_____,
_____,_____,_____,_____,_____,_____,_____,_____,_____,_____,_____,_____,_____,_____,_____,_____,_____,_____,_____,_____,_____,_____,_____,_____,_____,
_____,_____,_____,_____,_____,_____,_____,_____,_____,_____,_____,_____,_____,_____,_____,_____,_____,_____,_____,_____,_____,_____,_____,_____,_____,
_____,_____,_____,_____,_____,_____,_____,_____,_____,_____,_____,_____,_____,_____,_____,_____,_____,_____,_____,_____,_____,_____,_____,_____,_____,
_____,_____,_____,_____,_____,_____,_____,_____,_____,_____,_____,_____,_____,_____,_____,_____,_____,_____,_____,_____,_____,_____,_____,_____,_____,
_____,_____,_____,_____,_____,_____,_____,_____,_____,_____,_____,_____,_____,_____,_____,_____,_____,_____,_____,_____,_____,_____,_____,_____,_____,
_____,_____,_____,_____,_____,_____,_____,_____,_____,_____,_____,_____,_____,_____,_____,_____,_____,_____,_____,_____,_____,_____,_____,_____,_____,
#
K0m00,K0m00,K0m00,K0m00,K0m00,_____,_____,_____,_____,_____,_____,_____,_____,_____,_____,_____,_____,_____,_____,_____,K0m00,K0m00,K0m00,K0m00,K0m00,
C0m00,C0m00,C0m00,C0m00,C0m00,_____,_____,_____,_____,_____,_____,_____,_____,_____,_____,_____,_____,_____,_____,_____,C0m00,C0m00,C0m00,C1m00,C0m00,
C0m00,C0m00,C0m00,C0m00,C0m00,_____,_____,_____,_____,_____,_____,_____,_____,_____,_____,_____,_____,_____,_____,_____,C0m00,C0m00,C0m00,C0m00,C0m00,
C0m00,C0m00,C0m00,C0m00,C0m00,_____,_____,_____,_____,_____,_____,_____,_____,_____,_____,_____,_____,_____,_____,_____,C0m00,C0m00,C0m00,C0m00,C0m00,
C0m00,C0m00,C0m00,C0m00,C0m00,_____,_____,_____,_____,_____,_____,_____,_____,_____,_____,_____,_____,_____,_____,_____,C0m00,C0m00,C0m00,C0m00,C0m00,
C0m00,C0m00,C0m00,C0m00,C0m00,_____,_____,_____,_____,_____,_____,_____,_____,_____,_____,_____,_____,_____,_____,_____,C0m00,C0m00,C0m00,C0m00,C0m00,
C0m00,C0m00,C0m00,C0m00,C0m00,_____,_____,_____,_____,_____,_____,_____,_____,_____,_____,_____,_____,_____,_____,_____,C0m00,C0m00,C0m00,C0m00,C0m00,
C0m00,_____,C0m00,_____,C0m00,_____,_____,_____,_____,_____,_____,_____,_____,_____,_____,_____,_____,_____,_____,_____,C0m00,_____,C0m00,_____,C0m00,
TrN00,_____,TrN00,_____,TrN00,_____,_____,_____,_____,_____,_____,_____,_____,_____,_____,_____,_____,_____,_____,_____,TrN00,_____,TrN00,_____,TrN00,
_____,_____,_____,_____,_____,_____,_____,_____,_____,_____,_____,_____,_____,_____,_____,_____,_____,_____,_____,_____,_____,_____,_____,_____,_____,
_____,_____,_____,_____,_____,_____,_____,_____,_____,_____,_____,_____,_____,_____,_____,_____,_____,_____,_____,_____,_____,_____,_____,_____,_____,
_____,_____,_____,_____,_____,_____,_____,_____,_____,_____,_____,_____,_____,_____,_____,_____,_____,_____,_____,_____,_____,_____,_____,_____,_____,
_____,_____,_____,_____,_____,_____,_____,_____,_____,_____,_____,_____,_____,_____,_____,_____,_____,_____,_____,_____,_____,_____,_____,_____,_____,
_____,_____,_____,_____,_____,_____,_____,_____,_____,_____,_____,_____,_____,_____,_____,_____,_____,_____,_____,_____,_____,_____,_____,_____,_____,
_____,_____,_____,_____,_____,_____,_____,_____,_____,_____,_____,_____,_____,_____,_____,_____,_____,_____,_____,_____,_____,_____,_____,_____,_____,
_____,_____,_____,_____,_____,_____,_____,_____,_____,_____,_____,_____,_____,_____,_____,_____,_____,_____,_____,_____,_____,_____,_____,_____,_____,
_____,_____,_____,_____,_____,_____,_____,_____,_____,_____,_____,_____,_____,_____,_____,_____,_____,_____,_____,_____,_____,_____,_____,_____,_____,
_____,_____,_____,_____,_____,_____,_____,_____,_____,_____,_____,_____,_____,_____,_____,_____,_____,_____,_____,_____,_____,_____,_____,_____,_____,
_____,_____,_____,_____,_____,_____,_____,_____,_____,_____,_____,_____,_____,_____,_____,_____,_____,_____,_____,_____,_____,_____,_____,_____,_____,
_____,_____,_____,_____,_____,_____,_____,_____,_____,_____,_____,_____,_____,_____,_____,_____,_____,_____,_____,_____,_____,_____,_____,_____,_____,
_____,_____,_____,_____,_____,_____,_____,_____,_____,_____,_____,_____,_____,_____,_____,_____,_____,_____,_____,_____,_____,_____,_____,_____,_____,
_____,_____,_____,_____,_____,_____,_____,_____,_____,_____,_____,_____,_____,_____,_____,_____,_____,_____,_____,_____,_____,_____,_____,_____,_____,


